dna,impact,gene,variantclass,total_count,full_screen_count,rq3,rvj,rgt,rj1,rr8,rtd_rr8,rtd,rw3,rx1,rnz,rcu
c.942+3A>T,p.=,MSH2,"2000,5",44,22,,,4,,6,,5,,5,,2
c.536A>G,p.Tyr179Cys,MUTYH,"2000,5",29,21,,,,,8,5,1,,1,,6
c.350C>T,p.Thr117Met,MLH1,"2000,5",49,15,,,,,10,1,1,,3,,
c.1187G>A,"p.Gly396Asp,p.Val493Phe",MUTYH,"2000,5",26,15,,,,,7,2,2,,2,,2
c.1609A>T,"p.Lys537Ter,p.Lys537x",MSH2,"2000,5",37,12,,,,,5,1,3,,1,,2
c.137G>T,p.Ser46Ile,PMS2,"2000,3,4,5",27,12,,,,,8,1,1,,2,,
c.3949G>C,p.Glu1317Gln,APC,"1,2,2000,3",11,11,,,,,3,2,2,,4,,
c.3261dupC,"p.Phe1088LeuTer5,p.Phe1088LeufsTer5,p.Phe1088fs",MSH6,"2000,5",15,9,,,2,,1,,1,,3,2,
c.1852_1854del,p.Lys618del,MLH1,"2000,5",16,8,,,1,,3,1,1,,1,1,
c.736_741delins,p.Pro246fs,PMS2,"2000,5",9,8,,,,,7,1,,,,,
c.1700_1704del,"p.Lys567ArgfsTer3,p.Lys567fs",MSH2,"2000,5",25,8,,,,,3,1,4,,,,
c.1595G>A,p.Gly532Asp,MLH1,"2000,3,4",10,8,,,,,2,2,1,,2,1,
c.2300C>T,p.Thr767Ile,MSH6,"2000,5",15,8,,,,,2,,6,,,,
c.935A>C,p.His312Pro,MLH1,"2000,3",10,8,,,2,,1,2,3,,,,
c.1861C>T,"p.Arg621Ter,p.Arg621x",MSH2,"2000,5",17,7,,,,,1,,2,,3,,1
c.1165C>T,"p.Arg389Ter,p.Arg389x",MSH2,"2000,5",19,7,,,1,,4,,1,,1,,
c.1186C>G,p.Leu396Val,MSH6,"2,2000,3",8,7,,,,,4,1,,,1,1,
c.1989+1G>A,p.=,MLH1,"2000,5",14,7,,,1,,1,2,2,,1,,
c.431G>T,p.Ser144Ile,MSH6,"1,2,2000,3",7,7,,,,,4,1,,,1,1,
c.965G>A,p.Gly322Asp,MSH2,"1,2,2000",7,7,,,,,4,2,1,,,,
c.3246G>T,p.Pro1082=,MSH6,"2,2000,3",6,6,,,,,,,1,,4,1,
c.306G>T,p.Glu102Asp,MLH1,"2000,4,5",11,6,,,1,,3,,,,1,1,
c.2146G>A,p.Val716Met,MLH1,"1,2,2000,3",6,6,,,,,,1,1,,3,1,
c.3439-1G>T,,MSH6,"2000,5",10,6,,,,,2,1,,,2,,1
c.1852_1853delinsGC,p.Lys618Ala,MLH1,"1,2,2000,3",6,6,,,,,1,,1,,1,3,
c.1667G>A,p.Ser556Asn,MLH1,"3,4,5",12,6,,,,,,,4,,2,,
c.1668-1G>A,p.=,MLH1,"2000,5",11,6,,,1,,3,1,1,,,,
c.2007-7C,,PMS2,"2,2000",6,6,,,,,6,,,,,,
c.1760-1G>A,p.=,MSH2,5,12,5,,,2,,,,2,,1,,
c.1760-62G>A,,MSH2,"1,2,2000,3",5,5,,,,,,,1,,4,,
c.718C>T,p.Arg240Ter,MSH6,"2000,5",6,5,,,1,,2,,1,,,,1
c.1039-8T>A,,MLH1,2000,5,5,,,,,,,,,,5,
c.3261del,"p.Phe1088SerTer2,p.Phe1088SerfsTer2,p.Phe1088fs",MSH6,"2000,5",5,5,,,1,,1,,,,2,,1
c.3261dup,p.Phe1088fs,MSH6,2000,13,5,,,,,5,,,,,,
c.682C>A,p.Leu228Met,MLH1,"2000,3",5,5,,,,,,1,,,2,2,
c.199G>A,p.Gly67Arg,MLH1,"2000,5",15,5,,,1,,2,1,1,,,,
c.7862C>G,p.Ser2621Cys,APC,"1,2,3",5,5,,,,,1,1,,,3,,
c.1216C>T,"p.Arg406Ter,p.Arg406x",MSH2,"2000,5",14,5,,,1,,2,,,,1,,1
c.1370C>G,p.Ser457Ter,APC,"2000,5",4,4,,,,,,,3,,,,1
c.702G>A,"p.=,p.Glu234=,p.Glu234Glu",MLH1,"2000,3",4,4,,,,,,1,,,2,1,
c.1387-8G>T,,MSH2,"1,2,2000,3",4,4,,,,,,1,1,,1,1,
c.1786_1788del,p.Asn596del,MSH2,"2000,5",6,4,,,,,3,,1,,,,
c.3909A>G,,APC,3,4,4,,,,,,,4,,,,
c.1437C>G,p.His479Gln,PMS2,"2,3",4,4,,,,,,,,,4,,
c.245C>T,p.Thr82Ile,MLH1,"2000,5",6,4,,,2,,1,,,,,1,
c.2174+1G>A,,PMS2,"2000,5",6,4,,,,,3,1,,,,,
c.1876T>C,p.Phe626Leu,MLH1,"2000,3",4,4,,,,,1,1,,,2,,
c.453+25A>G,,MLH1,"1,3",4,4,,,,,,1,1,,2,,
c.67G>T,"p.Glu23Ter,p.Glu23x",MLH1,2000,6,4,,,,,2,,,,,,2
c.1459C>T,p.Arg487Ter,MLH1,"2000,5",10,4,,,2,,1,,,,,1,
c.(545+1_546-1)_(1558+1_1559-1)del,,MLH1,5,4,4,,,4,,,,,,,,
c.2057G>A,p.Gly686Asp,MSH6,"2000,3,4",4,3,,,,,1,,,,2,,
c.24-12_107delinsAAAT,,PMS2,2000,23,3,,,,,3,,,,,,
c.663A>C,p.Glu221Asp,MSH6,"2,3",3,3,,,,,2,,,,1,,
c.138C>G,p.His46Gln,MSH2,"2000,3",3,3,,,,,1,1,1,,,,
c.1680T>C,"p.Asn560=,p.Asn560Asn",MSH2,"2,2000,3",3,3,,,,,,1,,,1,1,
c.2805C>A,"p.Tyr935Ter,p.Tyr935x",APC,"2000,5",3,3,,,,,1,2,,,,,
c.(366+1_367-1)del(645+1_646-1)del,,MSH2,5,3,3,,,3,,,,,,,,
c.1758del,"p.Met587CysfsTer4,p.Met587fs",MLH1,"2000,5",8,3,,,1,,1,,,,1,,
c.3716_3717del,,MSH6,5,6,3,,,,,,1,2,,,,
c.2131C>T,"p.Arg711Ter,p.Arg711x",MSH2,"2000,5",4,3,,,,,1,,,,2,,
c.251-20T>G,,PMS2,3,3,3,,,,,,,,,3,,
c.1100_1101del,p.Ser367fs,APC,"2000,5",4,3,,,,,,,2,,,,1
c.984C>T,p.Ala328=,MSH2,"1,2000,3",3,3,,,,,,,,,2,1,
c.3163G>C,p.Ala1055Pro,MSH6,"3,4",3,3,,,2,,,,1,,,,
c.1731G>A,"p.Ser577Ser,p.splice",MLH1,"2000,5",4,3,,,,,1,,,,,1,1
c.1852_1853AA>GC,p.Lys618Ala,MLH1,"1,3",3,3,,,,,,,3,,,,
c.2090G>A,p.Cys697Tyr,MSH2,"2000,4,5",6,3,,,,,1,,1,,1,,
c.2150_2153del,"p.Val717AlafsTer18,p.Val717fs",MSH6,"2000,5",8,3,,,,,1,,,,1,1,
c.2561A>T,p.Lys854Met,MSH6,"2000,3",3,3,,,,,1,,,,2,,
c.2194C>T,p.Arg732Ter,MSH6,"2000,5",10,3,,,,,,,1,,,,2
c.3927_3931del,p.Glu1309fs,APC,"2000,5",5,3,,,,,1,1,1,,,,
c.1352del,p.Phe451SerfsTer2,MSH6,"2000,5",7,3,,,,,,,2,,,1,
c.808A>G,p.Thr270Ala,MLH1,"2,2000",3,3,,,,,1,,,,2,,
c.809C>G,"p.Ser270Ter,p.Ser270x",PMS2,2000,6,3,,,,,3,,,,,,
c.3103C>T,"p.Arg1035Ter,p.Arg1035x",MSH6,"2000,5",7,3,,,,,2,,,,1,,
c.(1276+1_1277-1)_(1386+1_1387-1)del,,MSH2,5,3,3,,,3,,,,,,,,
c.1346T>C,p.Leu449Pro,MSH6,"2000,5",5,3,,,1,,1,,,,1,,
c.3386T>C,p.Leu1129Ser,APC,"1,2,3",3,3,,,,,1,,1,,1,,
c.1801C>T,p.Gln601Ter,MSH2,5,6,3,,,,,,1,1,,1,,
c.1666T>C,"p.=,p.Leu556=",MSH2,"1,2000",4,3,,,,,,,,,2,1,
c.1457_1460del,"p.Asn486ThrfsTer10,p.Asn486fs",MSH2,"2000,5",5,3,,,,,2,1,,,,,
c.207+1G>A,,MLH1,"2000,5",7,3,,,,,1,,,,2,,
c.1558+14G>A,,MLH1,"1,3",3,3,,,,,,1,,,2,,
c.628_629del,p.Met210fs,MSH2,2000,6,3,,,,,3,,,,,,
c.1808A>T,p.Asp603Val,MSH2,2000,3,3,,,,,3,,,,,,
c.2535dupT,p.Glu846x,MSH6,"2000,5",8,3,,,,,1,,1,,1,,
c.994C>T,p.Arg332x,APC,5,5,3,,,,,,1,2,,,,
c.863-110G>T,,STK11,3,2,2,,,,,,,,,2,,
c.86G>C,p.Gly29Ala,PMS2,"2000,3",2,2,,,,,1,,1,,,,
c.1968C>G,p.Tyr656x,MSH2,"2000,5",2,2,,,,,1,,1,,,,
c.882C>T,,MLH1,2000,4,2,,,,,2,,,,,,
c.884+16A>G,,MLH1,"2,3",2,2,,,,,1,,,,1,,
c.1975C>T,p.Arg659Ter,MLH1,"2000,5",2,2,,,1,,,,,,,1,
c.3622dupT,p.Ser1208PhefsTer7,MSH6,"2000,5",2,2,,,1,,,,,,,1,
c.918T>A,p.Asn306Lys,MLH1,5,2,2,,,1,,,,,,1,,
c.928C>G,p.Leu310Val,MSH2,3,2,2,,,,,,,,,2,,
c.931A>G,p.Lys311Glu,MLH1,"3,4",2,2,,,1,,,,,,1,,
c.1690C>T,"p.Arg564Ter,p.Arg564x",APC,2000,2,2,,,,,1,,,,,,1
c.933+3A>C,,MUTYH,"2000,5",2,2,,,,,1,,1,,,,
c.1990-1G>C,,MLH1,"2000,5",6,2,,,,,,1,1,,,,
c.943-161C>T,,MSH2,"1,3",2,2,,,,,,,,,2,,
c.2445G>A,p.Ser815,PMS2,2000,3,2,,,,,1,,,,,,1
c.1996T>C,p.Trp666Arg,MLH1,2000,2,2,,,,,,,,,,1,1
c.1-136C>T,,MSH2,"2000,3",2,2,,,,,1,,1,,,,
c.977T>C,p.Val326Ala,MLH1,"2,3",3,2,,,,,,1,,,1,,
c.1723G>T,p.Asp575Tyr,MSH6,"3,4",4,2,,,,,,,,,2,,
c.1379T>C,p.Met460Thr,MSH2,3,2,2,,,1,,,1,,,,,
c.2502_2508del,"p.Asn835LeufsTer4,p.Asn835fs",MSH2,2000,7,2,,,,,1,,,,,1,
c.2529_2530del,p.Ala844Ter,MSH2,5,4,2,,,1,,,,1,,,,
c.1730T>C,p.Ile577Thr,MSH2,3,3,2,,,,,,1,1,,,,
c.2038C>T,p.Arg680Ter,MSH2,"2000,5",6,2,,,,,1,,,,1,,
c.3961A>G,p.Arg1321Gly,MSH6,2000,2,2,,,,,2,,,,,,
c.3964_3965del,"p.Glu1322IlefsTer2,p.Glu1322fs",MSH6,2000,4,2,,,,,1,,,,,1,
c.2041G>A,p.Ala681Thr,MLH1,"2000,5",4,2,,,1,,1,,,,,,
c.2633T>C,p.Val878Ala,MSH6,"1,2000,3",3,2,,,,,,,,,2,,
c.3991C>T,"p.Arg1331Ter,p.Arg1331x",MSH6,2000,2,2,,,,,2,,,,,,
c.1732del,p.His578fs,MSH6,2000,3,2,,,,,1,,,,,,1
c.4001G>A,p.Arg1334Gln,MSH6,"2000,5",2,2,,,1,,1,,,,,,
c.2059C>T,p.Arg687Trp,MLH1,"2000,3",3,2,,,,,1,,,,1,,
c.2061T>A,p.Cys687Ter,MSH6,"2000,5",4,2,,,,,,,1,,,1,
c.1505dupA,p.Asn502fs,MLH1,2000,3,2,,,,,2,,,,,,
c.1508C>G,p.Ser503Cys,MSH6,"2,3",2,2,,,,,,,1,,1,,
c.423G>T,p.Arg141Ser,APC,5,4,2,,,,,,,2,,,,
c.2708A>G,,MSH2,"1,3",2,2,,,,,,,2,,,,
c.2731C>T,p.Arg911Ter,MSH6,5,3,2,,,,,,,,,2,,
c.440G>A,p.Gly147Glu,MLH1,"2000,4",6,2,,,1,,1,,,,,,
c.1510+2T>C,,MSH2,2000,3,2,,,,,,,,,,,2
c.1511-1G>A,,MSH2,"2000,5",2,2,,,,,1,,1,,,,
c.2089del,p.Leu697fs,MLH1,"2000,5",5,2,,,,,1,,1,,,,
c.471C>A,p.Gly157=,MSH2,"2,2000",2,2,,,,,,,,,1,1,
c.2927G>A,,MSH6,"2000,3",2,2,,,,,1,,1,,,,
c.2105C>A,p.Ser702x,MSH6,"2000,5",9,2,,,,,1,,1,,,,
c.295C>T,p.Arg99Trp,APC,"2000,3,5",7,2,,,,,,2,,,,,
c.1100A>G,p.His367Arg,MSH6,"3,5",9,2,,,1,,,,,,1,,
c.298C>T,p.Arg100Ter,MLH1,5,2,2,,,1,,,,,,1,,
c.3016dup,p.His1006fs,APC,2000,2,2,,,,,2,,,,,,
c.212-1G>A,,MSH2,"2000,5",4,2,,,,,,,1,,,1,
c.5265G>A,,APC,"1,3",2,2,,,,,,1,1,,,,
c.1407del,p.Val470Ter,MSH2,5,2,2,,,,,,,,,2,,
c.52C>T,p.Arg18Cys,MLH1,3,2,2,,,1,,,,,,1,,
c.303T>G,p.Gly101=,MLH1,"2,3",2,2,,,,,,,,,2,,
c.1569dupT,p.Arg524fs,MSH2,5,3,2,,,,,,1,1,,,,
c.1571G>C,p.Arg524Pro,MSH2,"2000,4",2,2,,,1,,1,,,,,,
c.3062C>G,p.Ala1021Gly,MSH6,3,2,2,,,,,,,2,,,,
c.3093del,p.Cys1032fs,MSH6,"2000,5",3,2,,,,,1,,1,,,,
c.3108_3109del,"p.Phe1037LeufsTer2,p.Phe1037fs",MSH6,"2000,5",3,2,,,1,,1,,,,,,
c.1840A>T,p.Lys614x,PMS2,5,2,2,,,,,,1,1,,,,
c.128A>G,p.Tyr43Cys,MSH2,2000,2,2,,,,,1,,,,,,1
c.5795del,,APC,5,6,2,,,,,,1,1,,,,
c.1855G>C,p.Ala619Pro,MLH1,2000,2,2,,,,,2,,,,,,
c.599T>A,p.Val200Asp,MSH2,"3,5",2,2,,,1,,,1,,,,,
c.3183_3187del,"p.Gln1062fs,p.Gln1062x",APC,"2000,5",3,2,,,,,,1,1,,,,
c.2211-2A>T,,MSH2,"2000,5",13,2,,,,,,,,,1,1,
c.1578del,"p.Cys527ValfsTer16,p.Cys527fs",MSH2,2000,6,2,,,,,1,,,,,1,
c.61del,p.Ala21fs,MLH1,2000,3,2,,,,,2,,,,,,
c.6363_6365dup,p.Ala2122dup,APC,2000,2,2,,,,,2,,,,,,
c.186_187dupGG,p.Val63GlyfsTer2,MSH2,5,3,2,,,,,,,,,2,,
c.6473C>G,p.Pro2158Arg,APC,"2,2000",2,2,,,,,1,,1,,,,
c.65G>C,p.Gly22Ala,MLH1,3,2,2,,,,,,,1,,1,,
c.1871del,"p.Gly624AlafsTer11,p.Gly624fs",MSH6,2000,7,2,,,,,1,,,,,1,
c.3259C>G,p.Pro1087Ala,MSH6,2000,2,2,,,,,2,,,,,,
c.6873A>T,p.Gln2291His,APC,"2,3",2,2,,,,,,1,,,1,,
c.3268_3274del,p.Glu1090LysfsTer23,MSH6,"2000,5",2,2,,,1,,,,,,,1,
c.694C>T,p.Arg232x,APC,5,4,2,,,,,,2,,,,,
c.697C>T,"p.Gln233Ter,p.Gln233x",APC,2000,3,2,,,,,1,,,,,,1
c.700G>A,,MUTYH,"2000,3",2,2,,,,,1,,1,,,,
c.-461G>A,,PTEN,3,2,2,,,,,,,,,2,,
c.712T>G,p.Tyr238Asp,MSH2,3,2,2,,,,,,,,,2,,
c.2252_2253del,p.Lys751fs,MLH1,"2000,5",5,2,,,,,1,,1,,,,
c.736_741del,"p.Pro245CysfsTer3,p.Pro246CysfsTer3",PMS2,5,3,2,,,,,,,,,2,,
c.122A>G,p.Asp41Gly,MLH1,"2000,5",3,2,,,,,1,1,,,,,
c.7389A>C,p.Glu2463Asp,APC,2000,2,2,,,,,2,,,,,,
c.142G>T,"p.Glu48Ter,p.Glu48x",MSH2,2000,4,2,,,,,1,,,,,1,
c.1631T>C,p.ille544Thr,APC,"2,3",2,2,,,,,,1,,,1,,
c.1916del,,MLH1,5,2,2,,,,,,,2,,,,
c.7570A>G,,APC,3,3,2,,,,,,,2,,,,
c.1927C>T,"p.Gln643Ter,p.Gln643x",PMS2,"2000,5",12,2,,,,,2,,,,,,
c.2285T>A,p.Leu762Ter,MSH2,5,2,2,,,2,,,,,,,,
c.2291dup,p.Leu764fs,APC,"2000,5",2,2,,,,,1,,1,,,,
c.2291dupT,,APC,"2000,5",5,2,,,,,,,2,,,,
c.3479C>A,p.Thr1160Lys,APC,2000,2,2,,,,,2,,,,,,
c.790+1G>A,,MLH1,2000,3,2,,,,,2,,,,,,
c.791-1G>A,,MLH1,5,3,2,,,,,,,,,2,,
c.792+1G>A,,MSH2,"2000,5",2,2,,,,,1,,1,,,,
c.1009C>T,p.Gln337Ter,MSH2,"2000,5",2,2,,,1,,1,,,,,,
c.3513_3514del,,MSH6,"2000,5",10,2,,,,,,1,1,,,,
c.3514dup,p.Arg1172fs,MSH6,2000,2,2,,,,,1,,,,,,1
c.3514dupA,"p.Arg1172LysfsTer5,p.Arg1172fs",MSH6,"2000,5",8,2,,,1,,,,1,,,,
c.803C>G,p.Ser268Ter,MSH2,"2000,5",6,2,,,1,,1,,,,,,
c.351G>A,"p.Trp117Ter,p.Trp117x",MSH2,"2000,5",2,2,,,1,,1,,,,,,
c.819A>G,"p.=,p.Val273=",MSH2,2000,2,2,,,,,,,,,,2,
c.2332del,"p.Cys778AlafsTer34,p.Cys778fs",MSH2,"2000,5",2,2,,,,,1,,,,1,,
c.1451del,p.Asp484fs,MLH1,2000,2,2,,,,,,,,,,2,
c.847C>T,"p.Arg283Ter,p.Arg283x",APC,2000,10,2,,,,,1,,,,,,1
c.2350G>A,p.Asp784Asn,PMS2,2000,2,2,,,,,2,,,,,,
c.2175-1del,,PMS2,5,2,1,,,,,,,,,1,,
c.2179G>C,p.Ala727Pro,MSH2,3,1,1,,,1,,,,,,,,
c.2181_2182del,p.Ile728SerfsTer4,MLH1,2000,1,1,,,,,,,,,,1,
c.2192_2196del,"p.Leu731TrpfsTer3,p.Leu731fs",PMS2,"2000,5",8,1,,,,,1,,,,,,
c.220+3A>G,,APC,2000,1,1,,,,,,,,,,,1
c.221-2A>G,,APC,5,2,1,,,,,,1,,,,,
c.2228C>A,p.Ser743Ter,MSH2,2000,1,1,,,,,1,,,,,,
c.2228C>G,p.Ser743Ter,MSH2,2000,1,1,,,,,1,,,,,,
c.2230dupG,,MSH6,5,1,1,,,,,,,1,,,,
c.223_224del,p.Leu75fs,MSH2,2000,1,1,,,,,1,,,,,,
c.2245G>A,p.Glu749Lys,MSH2,4,1,1,,,1,,,,,,,,
c.2246G>T,,MSH6,3,1,1,,,,,,,1,,,,
c.2246T>C,p.Leu749Pro,MLH1,"2000,5",3,1,,,,,,,,,1,,
c.2250C>A,p.Tyr750Ter,MLH1,"2000,4",2,1,,,,,,,,,1,,
c.2250C>G,p.Tyr750x,MLH1,5,3,1,,,,,,,1,,,,
c.2259del,p.Phe753fs,MLH1,2000,2,1,,,,,1,,,,,,
c.2262del,p.Arg755fs,MLH1,2000,1,1,,,,,1,,,,,,
c.2267del,p.Cys756fs,MLH1,2000,1,1,,,,,1,,,,,,
c.226C>T,p.Gln76Ter,MSH2,"2000,5",2,1,,,1,,,,,,,,
c.2271+30_2271+32del,,MLH1,3,1,1,,,,,,,,,1,,
c.2272G>A,p.Asp758Asn,MSH2,2000,2,1,,,,,1,,,,,,
c.2309G>A,p.Gly770Asp,MSH6,2000,1,1,,,,,1,,,,,,
c.230G>A,p.Cys77Tyr,MLH1,5,1,1,,,,,,1,,,,,
c.2317A>G,,PMS2,2000,1,1,,,,,1,,,,,,
c.2342C>T,p.Pro781Leu,MSH6,2000,1,1,,,,,1,,,,,,
c.2347G>A,p.Val783Ile,PMS2,3,1,1,,,,,,,,,1,,
c.2349C>T,p.Val783=,PMS2,3,1,1,,,,,,,,,1,,
c.2354A>C,,MSH2,3,1,1,,,,,,1,,,,,
c.2360T>G,p.Leu787Arg,MSH2,3,1,1,,,1,,,,,,,,
c.2377C>G,,MSH2,3,1,1,,,,,,,1,,,,
c.23801C>G,p.Pro794Ala,PMS2,2000,1,1,,,,,,,,,,,1
c.2389_2390del,p.Val797Ter,MSH2,5,1,1,,,1,,,,,,,,
c.2393T>C,,MSH6,5,1,1,,,,,,,1,,,,
c.2394del,p.Met799fs,MSH6,5,1,1,,,,,,1,,,,,
c.2404C>T,p.Arg802Ter,PMS2,5,4,1,,,,,,,,,1,,
c.240del,p.Phe80fs,PMS2,2000,1,1,,,,,1,,,,,,
c.2433dup,,APC,5,1,1,,,,,,1,,,,,
c.2443C>T,p.Leu815Phe,MSH6,2000,1,1,,,,,1,,,,,,
c.2445+1G>T,,PMS2,2000,1,1,,,,,,,,,,,1
c.2445+29C>T,,PMS2,3,1,1,,,,,,,,,1,,
c.2446C>T,p.Gln816Ter,MSH2,5,1,1,,,1,,,,,,,,
c.244A>G,p.Thr82Ala,MLH1,2000,7,1,,,,,1,,,,,,
c.2466_2467del,p.Cys822Ter,MSH2,2000,1,1,,,,,,,,,,1,
c.2480T>G,p.Met827Thr,PMS2,3,1,1,,,,,,,,,1,,
c.2481dupT,p.Thr828fs,APC,5,2,1,,,,,,,1,,,,
c.2493dupA,p.Pro832fs,APC,5,1,1,,,,,,1,,,,,
c.2534_2538del,p.Tyr845Ter,MSH6,2000,1,1,,,,,,,,,,1,
c.2550C>G,p.Tyr850Ter,MSH6,2000,1,1,,,,,1,,,,,,
c.2576_2584del,p.Glu859_Gln861del,MSH2,2000,1,1,,,,,1,,,,,,
c.2582A>T,p.Gln861Leu,MSH2,2000,1,1,,,,,1,,,,,,
c.2590_2594del,,MSH2,5,2,1,,,,,,1,,,,,
c.2633_2634del,p.Glu878AlafsTer3,MSH2,5,3,1,,,,,,,,,1,,
c.2634+1G>T,,MSH2,2000,1,1,,,,,1,,,,,,
c.2635-11A>G,,MSH2,2000,1,1,,,,,1,,,,,,
c.2641delinsAAAA,,MSH6,3,1,1,,,,,,1,,,,,
c.2647del,p.Ile883fs,MSH2,2000,1,1,,,,,,,,,,,1
c.2656C>T,p.Gln886x,APC,2000,1,1,,,,,1,,,,,,
c.2665dupC,p.Gln889fs,MSH6,2000,1,1,,,,,1,,,,,,
c.266C>T,p.Thr89Ile,PMS2,2000,1,1,,,,,1,,,,,,
c.2768G>C,p.Arg923Thr,APC,2000,1,1,,,,,1,,,,,,
c.2801C>A,,MSH2,2000,1,1,,,,,1,,,,,,
c.2804dup,p.Tyr935Ter,APC,2000,1,1,,,,,,,,,,,1
c.2804dupA,p.Tyr935x,APC,2000,1,1,,,,,1,,,,,,
c.2818G>T,,MSH6,2000,1,1,,,,,,,,,,,1
c.283G>T,,MSH2,3,1,1,,,,,,,1,,,,
c.283dupT,p.Ser95fs,MLH1,2000,1,1,,,,,,,,,,1,
c.286C>T,,MSH2,3,1,1,,,,,,,1,,,,
c.291T>G,p.Tyr97Ter,MLH1,5,1,1,,,1,,,,,,,,
c.2942C>G,,APC,2000,1,1,,,,,,,1,,,,
c.294T>G,p.Tyr98x,MSH2,2000,1,1,,,,,1,,,,,,
c.2962C>T,p.Arg988Cys,MSH6,3,1,1,,,,,,1,,,,,
c.2969T>A,p.Leu990Ter,MSH6,2000,1,1,,,,,1,,,,,,
c.2983G>T,p.Glu995Ter,MSH6,2000,2,1,,,,,1,,,,,,
c.301G>A,p.Gly101Ser,MLH1,2000,1,1,,,,,1,,,,,,
c.3026A>T,,MSH6,3,1,1,,,,,,,,,1,,
c.3028del,p.Thr1010LeufsTer10,MSH6,5,1,1,,,,,,,,,1,,
c.302G>A,,MLH1,4,1,1,,,,,,,,,1,,
c.302del,p.Gly101ValfsTer7,MLH1,2000,2,1,,,,,1,,,,,,
c.3037_3041del,p.Lys1013fs,MSH6,2000,4,1,,,,,1,,,,,,
c.3058A>G,p.Asn1020Asp,MSH6,3,1,1,,,,,,,,,1,,
c.306+1G>A,,MLH1,"2000,5",3,1,,,,,,,,,,,1
c.306+4A>G,,MLH1,"2000,3",2,1,,,,,1,,,,,,
c.3095C>G,p.Ser1032x,APC,2000,1,1,,,,,1,,,,,,
c.3119_3120del,,MSH6,5,2,1,,,,,,,,,1,,
c.3142C>T,p.Gln1048Ter,MSH6,2000,6,1,,,,,,,,,,,1
c.3151G>A,p.Val1051Ile,MSH6,3,1,1,,,,,,1,,,,,
c.3157T>G,,MSH6,2000,1,1,,,,,1,,,,,,
c.3171_3172+2del,p.Asp1058CysfsTer7,MSH6,2000,1,1,,,,,,,,,,1,
c.3172+18C>T,,MSH6,2000,1,1,,,,,1,,,,,,
c.3172+1G>T,,MSH6,"2000,4",2,1,,,,,1,,,,,,
c.3172+20T>C,,MSH6,3,1,1,,,,,,,,,1,,
c.317G>A,,APC,3,2,1,,,,,,,1,,,,
c.3197A>G,p.Tyr1066Cys,MSH6,2000,1,1,,,,,1,,,,,,
c.319C>T,p.Arg107Trp,PMS2,3,1,1,,,,,,,,,1,,
c.3202C>T,p.Arg1068Ter,MSH6,"2000,5",4,1,,,,,,,,,1,,
c.3226C>T,,MSH6,3,1,1,,,,,,1,,,,,
c.3227G>A,p.Arg1076His,MSH6,3,1,1,,,1,,,,,,,,
c.3233T>C,p.Val1078Ala,MSH6,3,1,1,,,1,,,,,,,,
c.3238_3239del,p.Leu108ValfsTer12,MSH6,2000,1,1,,,,,,,,,,1,
c.3245C>T,,MSH6,2000,1,1,,,,,1,,,,,,
c.3249T>C,,APC,3,1,1,,,,,,1,,,,,
c.3259C>T,p.Pro1087Ser,MSH6,3,1,1,,,1,,,,,,,,
c.3278del,p.Gly1093AspfsTer22,MSH6,5,1,1,,,1,,,,,,,,
c.3286C>T,p.Gln1096Ter,APC,2000,1,1,,,,,,,,,,,1
c.33+3A>C,,MUTYH,2000,1,1,,,,,,,,,,,1
c.3307_3308insCA,p.Phe1103fs,MSH6,2000,3,1,,,,,,,,,,,1
c.3314G>A,,APC,2000,1,1,,,,,,1,,,,,
c.3329C>G,,APC,5,1,1,,,,,,,1,,,,
c.3399T>C,,MSH6,2000,1,1,,,,,1,,,,,,
c.340dupA,p.Thr114fs,MLH1,2000,1,1,,,,,1,,,,,,
c.3416dupG,"p.Lys1140GlnfsTer24,p.Lys1140fs",MSH6,2000,2,1,,,,,1,,,,,,
c.3452C>G,p.Ala1151Gly,MSH6,2000,1,1,,,,,,,,,,1,
c.3464_3468del,,APC,5,1,1,,,,,,,1,,,,
c.346dupA,p.Thr116fs,MLH1,2000,1,1,,,,,1,,,,,,
c.3477C>A,p.Tyr1159Ter,MSH6,5,1,1,,,1,,,,,,,,
c.3497G>T,p.Arg1166Met,MSH6,2000,1,1,,,,,1,,,,,,
c.350C>A,p.Ser117Ter,APC,2000,1,1,,,,,,,,,,,1
c.3516_3517del,,MSH6,5,2,1,,,,,,,1,,,,
c.3528_3532del,p.Leu1177fs,MSH6,2000,6,1,,,,,1,,,,,,
c.3549_3551del,p.Ile1183del,MSH6,2000,1,1,,,,,1,,,,,,
c.3554C>G,p.Ser1185Ter,MSH6,5,1,1,,,1,,,,,,,,
c.3556+1G>A,,MSH6,5,5,1,,,,,,1,,,,,
c.3556+1G>T,,MSH6,5,5,1,,,,,,,,,1,,
c.3556+24A>G,,MSH6,3,1,1,,,,,,,,,1,,
c.3556G>C,p.Gly1186Arg,MSH6,2000,1,1,,,,,1,,,,,,
c.356dupT,p.Ile120fs,MSH6,2000,1,1,,,,,1,,,,,,
c.3577_3580dupGAAT,,MSH6,5,4,1,,,,,,,,,1,,
c.3582_3585dupAAGT,p.Glu1196fs,MSH6,2000,1,1,,,,,1,,,,,,
c.3596G>A,p.Ser1199Asn,MSH6,2000,1,1,,,,,,,,,,1,
c.3632T>C,p.Leu1211Pro,MSH6,5,1,1,,,1,,,,,,,,
c.363C>T,p.Thr121=,PMS2,3,1,1,,,,,,,,,1,,
c.3649A>G,p.Arg1217Gly,MSH6,3,1,1,,,1,,,,,,,,
c.366+1G>T,p.=,MSH2,5,1,1,,,1,,,,,,,,
c.367-19A>T,,MSH2,2000,1,1,,,,,1,,,,,,
c.3674C>T,p.Thr1225Met,MSH6,2000,1,1,,,,,,,,,,1,
c.3694_3696del,p.Val1232del,MSH6,2000,1,1,,,,,,,,,,1,
c.3717_3721dupAAAAT,p.Cys1241Ter,MSH6,5,5,1,,,,,,,,,1,,
c.3725_3737del,,MSH6,5,5,1,,,,,,,,,1,,
c.3727A>T,p.Thr1243Ser,MSH6,2000,1,1,,,,,1,,,,,,
c.3740C>G,p.Thr1247Ser,MSH6,3,1,1,,,,,,1,,,,,
c.3753_3756dupATTA,p.Val1253IlefsTer23,MSH6,5,1,1,,,1,,,,,,,,
c.3758dupT,p.Glu1254ArgfsTer21,MSH6,5,1,1,,,1,,,,,,,,
c.3768A>T,,MSH6,3,1,1,,,,,,,,,1,,
c.380+1G>C,,MLH1,2000,2,1,,,,,1,,,,,,
c.3802-7_3802-4del,,MSH6,2000,1,1,,,,,1,,,,,,
c.380A>G,p.Asn127Ser,MSH2,2000,1,1,,,,,,,,,,1,
c.381-1G>C,p.=,MLH1,"2000,5",2,1,,,1,,,,,,,,
c.3847_3850dupATTA,p.Thr1284fs,MSH6,5,5,1,,,,,,,1,,,,
c.3851del,p.Thr1284fs,MSH6,5,1,1,,,,,,1,,,,,
c.3867C>T,p.Phe1289=,MSH6,3,1,1,,,,,,,,,1,,
c.388C>T,p.Arg130Ter,PTEN,2000,1,1,,,,,,,,,,,1
c.3934_3937dupGTTA,p.Ile1313SerfsTer7,MSH6,2000,2,1,,,,,,,,,,1,
c.3959_3962del,p.Ala1320GlufsTer6,MSH6,5,1,1,,,1,,,,,,,,
c.3969_3982dupTGAGAAGATGAATC,,MSH6,2000,1,1,,,,,,,,,,1,
c.3974dupA,,MSH6,"2000,5",2,1,,,,,,,,,1,,
c.3978_3994del,p.Met1326IlefsTer9,MSH6,5,1,1,,,1,,,,,,,,
c.399C>T,p.Asp133=,MSH2,2000,1,1,,,,,,,,,,1,
c.3G>A,,MLH1,2000,1,1,,,,,1,,,,,,
c.4001+26A>G,,MSH6,3,1,1,,,,,,,,,1,,
c.4012C>T,p.Gln1338Ter,APC,2000,1,1,,,,,1,,,,,,
c.4028C>G,p.Ser1343Ter,MSH6,2000,1,1,,,,,,,,,,,1
c.4057A>G,p.Ser1353Gly,POLE,2000,1,1,,,,,1,,,,,,
c.4099C>T,p.Gln1367x,APC,5,2,1,,,,,,,1,,,,
c.4344C>T,,APC,3,1,1,,,,,,,1,,,,
c.4364dup,p.Asn1455fs,APC,2000,1,1,,,,,1,,,,,,
c.4391_4394del,p.Glu1464fs,APC,"2000,5",4,1,,,,,,,1,,,,
c.440G>T,p.Gly147Val,MLH1,3,1,1,,,1,,,,,,,,
c.446G>T,p.Gly149Val,MSH2,2000,1,1,,,,,,,,,,1,
c.449A>G,,APC,3,3,1,,,,,,1,,,,,
c.454-2A>C,p.=,MLH1,4,1,1,,,1,,,,,,,,
c.457+13A>G,,MSH6,3,1,1,,,,,,,,,1,,
c.457+1G>T,,MSH6,2000,1,1,,,,,,,,,,,1
c.457G>T,p.Glu153Ter,MLH1,5,1,1,,,1,,,,,,,,
c.4616C>G,p.Ser1539Ter,APC,2000,1,1,,,,,1,,,,,,
c.461G>A,p.Arg154Lys,POLE,2000,1,1,,,,,1,,,,,,
c.463A>T,p.Lys155Ter,MSH6,5,1,1,,,1,,,,,,,,
c.4736_4737insGAGA,p.Ile1579fs,APC,2000,1,1,,,,,1,,,,,,
c.477C>G,,APC,2000,1,1,,,,,1,,,,,,
c.484G>A,p.Gly162Arg,MSH2,"4,5",2,1,,,,,,,,,1,,
c.485del,,MSH6,5,3,1,,,,,,1,,,,,
c.4861C>G,p.Gln1621Glu,APC,2000,1,1,,,,,1,,,,,,
c.487C>T,p.Gln163Ter,APC,2000,1,1,,,,,,,,,,,1
c.4918C>T,,APC,3,1,1,,,,,,1,,,,,
c.4G>A,p.Ala2Thr,MSH2,"2000,3",5,1,,,,,,1,,,,,
c.513A>G,p.Glu171=,MLH1,3,1,1,,,,,,,,,1,,
c.5140G>A,,APC,3,1,1,,,,,,1,,,,,
c.5263G>T,p.Ala1755Ser,APC,2000,1,1,,,,,1,,,,,,
c.527T>C,,NTHL1,2000,1,1,,,,,1,,,,,,
c.534C>A,p.Phe178Leu,MSH2,3,1,1,,,,,,,,,1,,
c.537+5A>G,,PMS2,2000,1,1,,,,,1,,,,,,
c.539T>G,,MLH1,2000,1,1,,,,,1,,,,,,
c.543del,p.Tyr181x,PMS2,2000,12,1,,,,,1,,,,,,
c.545+43C>G,,MLH1,3,1,1,,,,,,,,,1,,
c.545G>A,p.Arg182Lys,MLH1,"2000,5",4,1,,,,,,,1,,,,
c.546-2A>G,,MLH1,2000,1,1,,,,,1,,,,,,
c.548G>A,,MUTYH,"3,5",2,1,,,,,,,1,,,,
c.554G>A,,MUTYH,2000,1,1,,,,,,,,,,,1
c.554T>G,p.Val185Gly,MLH1,5,1,1,,,,,,,,,1,,
c.55A>T,p.Ile19Phe,MLH1,2000,1,1,,,,,1,,,,,,
c.562G>C,p.Glu188Gln,MSH2,3,1,1,,,,,,1,,,,,
c.565_568del,p.Gly189fs,MLH1,5,1,1,,,,,,1,,,,,
c.571_573del,p.Leu191del,MSH2,2000,3,1,,,,,,,,,,1,
c.575T>C,,MLH1,2000,1,1,,,,,1,,,,,,
c.577C>T,p.Gln193Ter,MSH2,2000,1,1,,,,,1,,,,,,
c.5794A>T,,APC,3,2,1,,,,,,1,,,,,
c.5826_5829del,p.Asp1942fs,APC,"2000,5",7,1,,,,,1,,,,,,
c.588del,"p.Lys196AsnfsTer6,p.Lys196fs",MLH1,2000,2,1,,,,,1,,,,,,
c.588dup,p.Gln197fs,MLH1,"2000,5",2,1,,,,,1,,,,,,
c.588dupA,p.Gln197ThrfsTer7,MLH1,5,1,1,,,1,,,,,,,,
c.589-2A>G,,MLH1,"2000,5",3,1,,,,,,,,,1,,
c.592G>T,p.Glu198Ter,MSH2,5,2,1,,,,,,,,,1,,
c.6004+5G>T,,POLE,2000,1,1,,,,,1,,,,,,
c.6088del,p.Ser2031fs,APC,2000,1,1,,,,,1,,,,,,
c.608C>G,p.Thr203Ser,PMS2,2000,1,1,,,,,1,,,,,,
c.610G>A,,MSH2,3,1,1,,,,,,,1,,,,
c.6117G>T,,APC,3,1,1,,,,,,1,,,,,
c.6140del,p.Met2047fs,APC,2000,1,1,,,,,1,,,,,,
c.642C>G,p.Tyr214Ter,MSH6,5,2,1,,,1,,,,,,,,
c.643C>T,p.Gln215Ter,MSH2,2000,2,1,,,,,1,,,,,,
c.677G>A,p.Arg226Gln,MLH1,5,2,1,,,1,,,,,,,,
c.677G>T,p.Arg226Leu,MLH1,2000,1,1,,,,,1,,,,,,
c.678-3_678-2del,,MLH1,2000,5,1,,,,,1,,,,,,
c.679G>A,p.Ala227Thr,MUTYH,2000,1,1,,,,,,,,,,,1
c.67G>A,,MSH6,3,1,1,,,,,,,,,1,,
c.67del,p.Glu23LysfsTer13,MLH1,5,1,1,,,1,,,,,,,,
c.67dup,p.Glu23fs,MLH1,2000,1,1,,,,,1,,,,,,
c.6907G>A,p.Gly2303Arg,APC,2000,1,1,,,,,1,,,,,,
c.692G>A,p.Arg231His,POLE,2000,1,1,,,,,1,,,,,,
c.694C>T,p.Gln232x,MSH6,2000,4,1,,,,,1,,,,,,
c.706C>T,,APC,5,2,1,,,,,,,1,,,,
c.728A>T,p.Asn243Ile,MLH1,2000,1,1,,,,,1,,,,,,
c.736_741delinsTGTGTGTGAAG,,PMS2,2000,1,1,,,,,,,,,,,1
c.742dup,p.Arg248fs,MSH6,2000,1,1,,,,,,,,,,,1
c.7468G>A,,APC,3,1,1,,,,,,1,,,,,
c.7490C>T,p.Ser2497Leu,APC,2000,1,1,,,,,1,,,,,,
c.749T>C,,MSH6,3,1,1,,,,,,1,,,,,
c.754C>T,p.Gln252Ter,MSH2,2000,3,1,,,,,1,,,,,,
c.7671_7678del,p.Leu2558fs,APC,2000,1,1,,,,,1,,,,,,
c.76C>T,p.Gln26Ter,MLH1,"2000,5",2,1,,,1,,,,,,,,
c.7797A>C,p.Lys2599Asn,APC,2000,1,1,,,,,1,,,,,,
c.7798_7801del,p.Gln2600ValfsTer15,APC,3,1,1,,,,,,,,,1,,
c.779T>G,p.Leu260Arg,MLH1,2000,1,1,,,,,1,,,,,,
c.784G>T,p.Glu262Ter,MSH2,"2000,5",3,1,,,,,1,,,,,,
c.789-1G>C,,MUTYH,2000,2,1,,,,,1,,,,,,
c.792+1G>C,,MSH2,5,1,1,,,,,,,,,1,,
c.792+32A>G,,MLH1,2000,1,1,,,,,1,,,,,,
c.792+5A>G,,MSH2,2000,1,1,,,,,1,,,,,,
c.794del,p.Asn265fs,PMS2,2000,2,1,,,,,1,,,,,,
c.802del,p.Tyr268fs,PMS2,2000,4,1,,,,,1,,,,,,
c.803+2T>G,,PMS2,5,1,1,,,,,,,,,1,,
c.806C>G,p.Thr269Ser,MSH6,2000,1,1,,,,,,,,,,1,
c.815C>T,p.Ala272Val,MSH2,3,1,1,,,,,,1,,,,,
c.833A>G,p.His278Arg,PMS2,3,1,1,,,,,,,,,1,,
c.835C>G,,MSH2,3,1,1,,,,,,1,,,,,
c.835_837del,p.Glu279del,POLD1,2000,1,1,,,,,1,,,,,,
c.8438C>G,p.Thr2813Arg,APC,2000,1,1,,,,,1,,,,,,
c.860G>C,,MSH6,2000,1,1,,,,,1,,,,,,
c.860_868del9,p.Gly287_Phe289del,MSH2,2000,2,1,,,,,,,,,,1,
c.861_864del,p.Arg287fs,PMS2,2000,1,1,,,,,1,,,,,,
c.869A>G,p.Glu290Gly,MSH2,2000,1,1,,,,,1,,,,,,
c.873_876del,p.Thr292fs,MSH2,5,1,1,,,,,,1,,,,,
c.885-81G>C,,MLH1,3,1,1,,,,,,,,,1,,
c.892C>T,p.Gln298x,MSH2,5,1,1,,,,,,,1,,,,
c.892C>T,p.Arg298Ter,MSH6,2000,5,1,,,,,1,,,,,,
c.899G>A,,MSH6,2000,1,1,,,,,1,,,,,,
c.89C>CT,p.Pro30Leu,MSH2,3,1,1,,,,,,,,,1,,
c.927_3931del,p.Glu1309fs,APC,2000,1,1,,,,,,,,,,,1
c.928C>T,p.Leu310Phe,MSH2,3,2,1,,,,,,,,,1,,
c.933+1G>A,,APC,5,3,1,,,,,,,1,,,,
c.942+17_942+29del,,MSH2,2000,1,1,,,,,1,,,,,,
c.942+1G>A,,MSH2,5,1,1,,,,,,,1,,,,
c.954T>A,p.Tyr318x,PMS2,2000,1,1,,,,,1,,,,,,
c.955G>A,p.Glu319Lys,MLH1,3,3,1,,,,,,1,,,,,
c.961G>A,p.Val321lle,PMS2,3,1,1,,,,,,,,,1,,
c.968_971dupCTCA,p.Gln324HisfsTer10,MSH2,5,1,1,,,1,,,,,,,,
c.972G>A,p.Gln324=,MSH2,3,1,1,,,,,,,,,1,,
c.973C>T,p.Gln325Ter,MSH6,5,2,1,,,,,,,,,1,,
c.977T>A,p.Val326Glu,MLH1,2000,1,1,,,,,,,,,,1,
c.97A>C,p.Thr33Pro,MSH2,2000,1,1,,,,,,,,,,,1
c.989T>C,p.Leu330Pro,MSH2,2000,2,1,,,,,1,,,,,,
c.98G>A,p.Arg33Lys,NTHL1,2000,1,1,,,,,1,,,,,,
c.(1076+1_1077-1)_(1276+1_1277-1)del,,MSH2,5,1,1,,,1,,,,,,,,
c.998G>A,p.Cys333Tyr,MSH2,2000,1,1,,,,,1,,,,,,
c.(116+1_117-1)_(207+1_208-1)del,,MLH1,5,1,1,,,1,,,,,,,,
c.(116+1_117-1)_(306+1_307-1)del,,MLH1,5,1,1,,,1,,,,,,,,
c.(1661+1_1662-1)_(*1_?)del,,MSH2,5,1,1,,,1,,,,,,,,
c.(1731+1_1732-1)_(*1_?)del,,MLH1,5,1,1,,,1,,,,,,,,
c.(453+1_454-1)_(545+1_546-1)del,,MLH1,5,1,1,,,1,,,,,,,,
c.(645+1_646-1)_(1076+1_1077-1)del,,MSH2,5,1,1,,,1,,,,,,,,
c.(942+1_943-1)(1386+1_1387-1)del,,MSH2,5,1,1,,,1,,,,,,,,
c.(?_-1)_(*1_?)del,,MLH1,5,1,1,,,1,,,,,,,,
c.(?_-1)_(*1_?)del,,MSH2,5,1,1,,,1,,,,,,,,
c.*10A>C,,MSH6,2000,3,1,,,,,1,,,,,,
c.*24_*28del,,MSH6,3,1,1,,,,,,1,,,,,
c.*6T>G,,PTEN,3,1,1,,,,,,,,,1,,
c.-118G>A,,MSH6,3,1,1,,,,,,,,,1,,
c.-18G>A,,PMS2,3,1,1,,,,,,,,,1,,
c.-18G>C,,PMS2,3,1,1,,,,,,,,,1,,
c.-18G>T,,MSH6,2000,1,1,,,,,1,,,,,,
c.-93G>C,,PMS2,3,1,1,,,,,,,,,1,,
c.1-19A>G,,MUTYH,3,1,1,,,,,,,,,1,,
c.1-21A>G,,MSH2,3,1,1,,,,,,,1,,,,
c.1007del,p.Pro336LeufsTer21,MSH2,5,1,1,,,1,,,,,,,,
c.1012C>T,p.Gln338Ter,MUTYH,5,1,1,,,,,,,,,1,,
c.1013G>A,"p.Gly338Glu,p.Gly388Glu",MSH2,2000,6,1,,,,,1,,,,,,
c.1013_1014delinsGC,p.Gln338Arg,MUTYH,2000,1,1,,,,,1,,,,,,
c.1014G>C,,MUTYH,2000,1,1,,,,,,,,,,,1
c.101G>T,p.Ser34Ile,PMS2,2000,1,1,,,,,1,,,,,,
c.1021del,p.Arg341fs,PMS2,2000,2,1,,,,,1,,,,,,
c.1036del,,MLH1,5,1,1,,,,,,,,,1,,
c.1039-26T>A,,MLH1,2000,1,1,,,,,,,,,1,,
c.1042C>G,p.Gln348Glu,MSH2,3,1,1,,,,,,,,,1,,
c.1054G>A,,MSH6,3,1,1,,,,,,,,,1,,
c.1057del,p.Ser353fs,MSH6,2000,1,1,,,,,1,,,,,,
c.1074G>A,p.Glu358=,MLH1,3,1,1,,,,,,,,,1,,
c.1075C>A,p.Pro359Thr,MUTYH,3,1,1,,,,,,,,,1,,
c.1076+1G>A,,MSH2,2000,1,1,,,,,1,,,,,,
c.1076+1G>T,,MSH2,5,1,1,,,,,,1,,,,,
c.1109C>T,p.Ser370Phe,MLH1,3,1,1,,,,,,,,,1,,
c.110A>G,p.Glu37Gly,MLH1,2000,1,1,,,,,1,,,,,,
c.1117G>A,p.Gly373Arg,MLH1,2000,1,1,,,,,,,,,,,1
c.1133dupT,p.Tyr379fs,MLH1,5,6,1,,,,,,1,,,,,
c.1138G>A,p.Asp380Asn,MSH6,2000,1,1,,,,,1,,,,,,
c.1145G>A,p.Arg382His,MSH2,3,1,1,,,,,,,1,,,,
c.1147C>T,p.Arg383Ter,MSH2,"2000,5",2,1,,,1,,,,,,,,
c.114C>G,p.Asn38Lys,MLH1,2000,2,1,,,,,1,,,,,,
c.116+1G>A,,MLH1,5,1,1,,,,,,,,,1,,
c.116+5G>C,,MLH1,5,1,1,,,,,,,1,,,,
c.1160_1161dup,,MLH1,"2000,5",3,1,,,,,,1,,,,,
c.1176T>C,,MSH6,3,1,1,,,,,,,,,1,,
c.1178T>C,p.Ile393Thr,POLD1,3,1,1,,,,,,,,,1,,
c.1184C>T,p.Thr395Ile,MSH6,3,1,1,,,1,,,,,,,,
c.1187-2A>G,p.Gly396Asp,MUTYH,2000,1,1,,,,,,,,,,,1
c.1189C>T,p.Gln397Ter,MSH2,5,1,1,,,1,,,,,,,,
c.1192C>T,p.Gln398Ter,MLH1,2000,3,1,,,,,1,,,,,,
c.1212+6T>G,,PTEN,3,1,1,,,,,,,,,1,,
c.1213C>T,p.Arg405Ter,APC,"2000,5",5,1,,,,,1,,,,,,
c.1214C>T,,MUTYH,5,1,1,,,,,,1,,,,,
c.1226_1227del,p.Gln409fs,MSH2,2000,7,1,,,,,1,,,,,,
c.1227_1228dup,p.Glu410fs,MUTYH,2000,1,1,,,,,1,,,,,,
c.123C>G,,MSH2,3,1,1,,,,,,1,,,,,
c.123_131del,p.Leu42_Glu44del,PMS2,4,2,1,,,,,,,,,1,,
c.1252del,p.Ile418fs,MSH2,2000,4,1,,,,,1,,,,,,
c.1268G>A,p.Trp423x,APC,2000,1,1,,,,,1,,,,,,
c.1270C>T,p.His424Tyr,MSH2,3,1,1,,,,,,,,,1,,
c.1270G>A,p.Ala424Thr,MLH1,2000,1,1,,,,,,,,,,1,
c.1276+51del,,MSH2,3,1,1,,,,,,,,,1,,
c.1276T>C,p.Cys426Arg,MSH6,2000,1,1,,,,,1,,,,,,
c.1277-2A>G,,MSH2,2000,1,1,,,,,1,,,,,,
c.1297C>T,,APC,5,1,1,,,,,,1,,,,,
c.1312+3A>G,,APC,2000,1,1,,,,,,,,,,,1
c.1321G>A,p.Ala441Thr,MLH1,2000,1,1,,,,,1,,,,,,
c.1337G>A,p.Arg446Gln,POLE,2000,1,1,,,,,1,,,,,,
c.1340_1341insGG,p.Phe447LeufsTer8,MSH2,5,1,1,,,,,,,,,1,,
c.1352_1353del,p.Gln451ArgfsTer16,MSH2,5,1,1,,,,,,,,,1,,
c.136_142del,p.His46fs,MSH2,2000,3,1,,,,,1,,,,,,
c.1370C>A,,APC,5,1,1,,,,,,1,,,,,
c.1374_1386del,p.Phe458fs,APC,2000,2,1,,,,,1,,,,,,
c.1382T>C,p.Phe461Ser,MSH6,2000,1,1,,,,,,,,,,,1
c.1387-14_1387-11del,,MSH2,3,1,1,,,,,,,,,1,,
c.1387-9T>A,,MSH2,2000,1,1,,,,,1,,,,,,
c.1408+731C>T,,APC,2000,1,1,,,,,1,,,,,,
c.1409+1G>C,,MLH1,2000,1,1,,,,,1,,,,,,
c.1409+47T,,MLH1,2000,1,1,,,,,1,,,,,,
c.1409-1G>C,,APC,2000,1,1,,,,,1,,,,,,
c.1417G>A,p.Ala473Thr,MUTYH,2000,1,1,,,,,1,,,,,,
c.1418C>G,p.Ser473x,MSH2,2000,1,1,,,,,1,,,,,,
c.1420G>C,,BMPR1A,2000,1,1,,,,,,,1,,,,
c.1423C>T,p.Gln475Ter,MSH6,5,1,1,,,,,,,,,1,,
c.1433T>G,p.Leu478x,APC,2000,1,1,,,,,1,,,,,,
c.1435G>A,,MUTYH,3,1,1,,,,,,1,,,,,
c.1447A>G,p.Thr483Ala,POLE,2000,1,1,,,,,1,,,,,,
c.1449G>GT,p.Val483=,MSH6,3,1,1,,,,,,,,,1,,
c.1452A>G,,MSH6,3,1,1,,,,,,1,,,,,
c.1465G>A,,MUTYH,3,1,1,,,,,,,1,,,,
c.1474A>G,,MSH6,3,1,1,,,,,,,,,1,,
c.1489dup,p.Arg497fs,MLH1,2000,1,1,,,,,1,,,,,,
c.149C>G,p.Ala50Gly,MSH2,3,1,1,,,,,,,,,1,,
c.1501G>A,,PMS2,2000,1,1,,,,,1,,,,,,
c.152-7C>T,,MSH6,3,1,1,,,,,,,,,1,,
c.1528C>T,p.Gln510Ter,MLH1,"2000,5",2,1,,,1,,,,,,,,
c.1549-19T>G,,APC,2000,1,1,,,,,1,,,,,,
c.1554dup,p.Glu519Ter,MLH1,"2000,5",3,1,,,,,1,,,,,,
c.1554dupT,"p.Glu519Ter,p.Glu519x",MLH1,5,9,1,,,1,,,,,,,,
c.1567T>A,p.Ser523Thr,PMS2,2000,1,1,,,,,1,,,,,,
c.156del,p.Glu53fs,MLH1,2000,1,1,,,,,1,,,,,,
c.1572C>G,p.Tyr524Ter,MSH6,5,1,1,,,1,,,,,,,,
c.1573A>G,,SMAD4,2000,1,1,,,,,,,,,,,1
c.1601G>A,,MSH2,3,1,1,,,,,,1,,,,,
c.1607G>A,p.Ser536Asn,MSH6,2000,1,1,,,,,,,,,,1,
c.1612dupT,p.Tyr538LeufsTer4,MSH6,5,3,1,,,,,,,,,1,,
c.1614dup,p.Asp539fs,APC,2000,1,1,,,,,,,,,,,1
c.1621A>C,p.Ser541Arg,MSH6,"2000,4",7,1,,,,,,,,,,1,
c.1636A>T,p.Lys546x,MLH1,5,1,1,,,,,,1,,,,,
c.1649_1650del,,MSH2,5,1,1,,,,,,,1,,,,
c.1653C>A,,PMS2,2000,2,1,,,,,1,,,,,,
c.1653dup,p.Thr552fs,MLH1,2000,1,1,,,,,,,,,,,1
c.1653dupC,p.Thr552HisTer5,MLH1,2000,1,1,,,,,,,,,,1,
c.1662-1G>A,,MSH2,5,1,1,,,,,,1,,,,,
c.1662C>T,p.Ser554=,MSH2,3,1,1,,,,,,,,,1,,
c.1667+4A>G,,MLH1,2000,1,1,,,,,1,,,,,,
c.1668-6T>A,,MLH1,2000,1,1,,,,,1,,,,,,
c.1676T>G,,MLH1,5,1,1,,,,,,,1,,,,
c.1701_1705delinsC,p.Lys567fs,MSH2,2000,1,1,,,,,1,,,,,,
c.1730C>T,,MSH2,3,1,1,,,,,,,1,,,,
c.1730G>A,,MSH6,2000,1,1,,,,,1,,,,,,
c.1739C>T,,MSH6,3,1,1,,,,,,1,,,,,
c.1740del,p.Pro581fs,MLH1,2000,1,1,,,,,1,,,,,,
c.1751C>G,p.Thr584Ser,MSH6,3,1,1,,,1,,,,,,,,
c.1759+1G>A,,MSH2,2000,1,1,,,,,,,,,,,1
c.1768_1773delinsTT,p.Pro590LeufsTer19,MSH6,2000,3,1,,,,,,,,,,1,
c.1782dupA,p.Leu595fs,MSH2,2000,1,1,,,,,1,,,,,,
c.1787A>G,p.Asn596Ser,MSH2,2000,1,1,,,,,1,,,,,,
c.1804_1805del,p.Ser602LysfsTer4,MSH6,5,1,1,,,1,,,,,,,,
c.1811C>A,p.Ala604Asp,MSH2,2000,1,1,,,,,1,,,,,,
c.1819G>A,p.Val607Ile,PMS2,3,1,1,,,,,,,,,1,,
c.1822A>G,p.Ile608Val,MSH6,3,1,1,,,,,,1,,,,,
c.1828_1832del,p.His610fs,MSH2,2000,1,1,,,,,1,,,,,,
c.1828_1834delinsGA,p.His610AspfsTer32,MSH2,5,1,1,,,1,,,,,,,,
c.1831dupA,p.Ile611fs,PMS2,2000,1,1,,,,,1,,,,,,
c.1838dupA,p.Asn613fs,MSH2,5,1,1,,,,,,1,,,,,
c.1849A>T,p.Lys617Ter,MLH1,"2000,5",3,1,,,,,,,,,1,,
c.1861dupA,p.Thr621fs,APC,2000,2,1,,,,,1,,,,,,
c.1865dupA,p.Tyr622Ter,APC,5,1,1,,,,,,,,,1,,
c.1866C>T,p.Tyr622=,APC,3,1,1,,,,,,,,,1,,
c.1870_1871dup,p.Ser625fs,MSH6,2000,2,1,,,,,1,,,,,,
c.1873C>T,,APC,5,4,1,,,,,,,1,,,,
c.187_189del,p.Ser63del,APC,2000,1,1,,,,,1,,,,,,
c.1882C>T,p.Arg628Ter,PMS2,5,1,1,,,,,,,,,1,,
c.1896+1G>A,,MLH1,2000,1,1,,,,,,,,,,1,
c.18C>T,p.Thr6=,MSH6,3,1,1,,,,,,,,,1,,
c.1911_1912del,p.Leu638Ter,MSH6,2000,3,1,,,,,1,,,,,,
c.1915C>T,p.His639Tyr,MSH2,2000,2,1,,,,,1,,,,,,
c.1937A>G,p.Tyr646Cys,MLH1,3,1,1,,,,,,,,,1,,
c.1937A>G,p.Lys646Arg,MSH6,2000,1,1,,,,,1,,,,,,
c.1942del,p.Ile648LeufsTer37,MSH2,5,1,1,,,1,,,,,,,,
c.1946dup,p.Leu650fs,MLH1,2000,1,1,,,,,,,,,,,1
c.194G>A,,MLH1,"2000,5",3,1,,,,,,,,,,,1
c.1959G>A,,APC,2000,1,1,,,,,1,,,,,,
c.1964T>C,p.Ile655Thr,MLH1,3,1,1,,,,,,,1,,,,
c.1964_1979del,p.Ile655fs,MLH1,2000,2,1,,,,,1,,,,,,
c.1968C>A,p.Tyr656x,MSH2,5,1,1,,,,,,1,,,,,
c.1974G>A,,MSH6,2000,1,1,,,,,1,,,,,,
c.1976G>A,p.Arg659Gln,MLH1,2000,1,1,,,,,1,,,,,,
c.197C>G,p.Ala66Gly,POLD1,2000,1,1,,,,,1,,,,,,
c.1981G>A,p.Glu661Lys,PMS2,2000,1,1,,,,,1,,,,,,
c.1984C>T,p.Gln662Ter,MSH2,2000,1,1,,,,,1,,,,,,
c.1992dupG,p.Asn665GlufsTer10,MLH1,5,1,1,,,1,,,,,,,,
c.1999C>T,p.Gln667x,APC,5,2,1,,,,,,,1,,,,
c.1A>C,,MSH2,"3,5",3,1,,,,,,1,,,,,
c.2005+1G>A,,MSH2,5,4,1,,,,,,,,,1,,
c.2006G>T,,MSH2,5,3,1,,,,,,1,,,,,
c.2011del,p.Glu671fs,MLH1,2000,1,1,,,,,1,,,,,,
c.2047G>A,p.Gly683Arg,MSH2,2000,1,1,,,,,,,,,,1,
c.2050_2051del,,APC,5,1,1,,,,,,,1,,,,
c.2051A>G,,MLH1,5,1,1,,,,,,,,,1,,
c.2062_2063del,p.Val688fs,MSH6,2000,1,1,,,,,1,,,,,,
c.2066A>G,p.Gln689Arg,MLH1,2000,1,1,,,,,1,,,,,,
c.207+1del,,MLH1,2000,3,1,,,,,1,,,,,,
c.207+5G>A,,MLH1,2000,3,1,,,,,1,,,,,,
c.2070C>G,p.Tyr690Ter,MLH1,5,1,1,,,1,,,,,,,,
c.208-11G>T,,MLH1,3,1,1,,,,,,1,,,,,
c.208-3C>G,,MLH1,5,3,1,,,,,,1,,,,,
c.2089T>C,p.Cys697Arg,MSH2,2000,2,1,,,,,,,,,,,1
c.2104-10T>A,,MLH1,2000,1,1,,,,,1,,,,,,
c.211+1G>A,,MSH2,5,1,1,,,,,,,,,1,,
c.211+34C>G,,MSH2,3,1,1,,,,,,,,,1,,
c.2116del,p.Asp706ThrfsTer4,MSH2,5,1,1,,,1,,,,,,,,
c.2117T>C,p.Phe706Ser,MSH6,2000,1,1,,,,,1,,,,,,
c.212-478T>G,,MSH2,2000,2,1,,,,,1,,,,,,
c.2120G>A,p.Cys707Tyr,MSH2,2000,1,1,,,,,1,,,,,,
c.2129_2130insT,p.Ser711fs,MLH1,2000,2,1,,,,,1,,,,,,
c.212A>T,p.Glu71Val,MLH1,4,1,1,,,1,,,,,,,,
c.2135G>A,p.Trp712Ter,MLH1,5,1,1,,,,,,,,,1,,
c.2141C>G,p.Ser714Cys,MSH6,2000,1,1,,,,,1,,,,,,
c.2142dupT,p.Gly715TrpfsTer2,MSH2,5,1,1,,,1,,,,,,,,
c.2155G>A,,POLE,2000,1,1,,,,,1,,,,,,
c.2162_2163del,,MLH1,5,1,1,,,,,,,,,1,,
