codingdnasequencechange,gene,rq3,rvj,rgt,rj1,rr8,rtd_rr8,rw3,rtd,rx1,rnz,rcu
c.(1076+1_1077-1)_(1276+1_1277-1)del,,,,5,,,,,,,,
c.(116+1_117-1)_(207+1_208-1)del,,,,5,,,,,,,,
c.(116+1_117-1)_(306+1_307-1)del,,,,5,,,,,,,,
c.(1276+1_1277-1)_(1386+1_1387-1)del,,,,5,,,,,,,,
c.(1661+1_1662-1)_(*1_?)del,,,,5,,,,,,,,
c.(1731+1_1732-1)_(*1_?)del,,,,5,,,,,,,,
c.(366+1_367-1)del(645+1_646-1)del,,,,5,,,,,,,,
c.(453+1_454-1)_(545+1_546-1)del,,,,5,,,,,,,,
c.(545+1_546-1)_(1558+1_1559-1)del,,,,5,,,,,,,,
c.(645+1_646-1)_(1076+1_1077-1)del,,,,5,,,,,,,,
c.(942+1_943-1)(1386+1_1387-1)del,,,,5,,,,,,,,
c.(?_-1)_(*1_?)del,,,,5,,,,,,,,
c.(?_-1)_(*1_?)del,,,,5,,,,,,,,
c.*10A>C,,,,,,,,,,,,
c.*11C>T,,,,,,,,,,2,,
c.*17G>C,,,,,,,,,,2,,
c.*24_*28del,,,,,,,3,,,,,
c.*35_*37del,,,,,,,,,,1,,
c.*6T>G,,,,,,,,,,3,,
c.*92dupA,,,,,,,,,,1,,
c.-1084C>T,,,,,,,,,,2,,
c.-118G>A,,,,,,,,,,3,,
c.-18G>A,,,,,,,,,,3,,
c.-18G>C,,,,,,,,,,3,,
c.-18G>T,,,,,,,,,,,,
c.-461G>A,,,,,,,,,,3,,
c.-534_-532dupGGC,,,,,,,,,,2,,
c.-93G>C,,,,,,,,,,3,,
c.1-136C>T,,,,,,,,,3,,,
c.1-19A>G,,,,,,,,,,3,,
c.1-21A>G,,,,,,,,,3,,,
c.1007del,,,,5,,,,,,,,
c.1009C>T,,,,5,,,,,,,,
c.1012C>T,,,,,,,,,,5,,
c.1013G>A,,,,,,,,,,,,
c.1013_1014delinsGC,,,,,,,,,,,,
c.1014G>C,,,,,,,,,,,,
c.101G>T,,,,,,,,,,,,
c.1021del,,,,,,,,,,,,
c.1036del,,,,,,,,,,5,,
c.1039-26T>A,,,,,,,,,,,,
c.1039-2A>C,,,,,,,,,,,,
c.1039-8T>A,,,,,,,,,,,,
c.1042C>G,,,,,,,,,,3,,
c.1054G>A,,,,,,,,,,3,,
c.1057del,,,,,,,,,,,,
c.1059del,,,,,,,,,,,,
c.1071G>T,,,,,,,,,,2,,
c.1074G>A,,,,,,,,,,3,,
c.1075C>A,,,,,,,,,,3,,
c.1076+1G>A,,,,,,,,,,,,
c.1076+1G>T,,,,,,,5,,,,,
c.1077-10T>C,,,,,,,,,,1,,
c.1077-80G>A,,,,,,,,,,,,
c.1100A>G,,,,5,,,,,,5,,
c.1100_1101del,,,,,,,,,5,,,
c.1109C>T,,,,,,,,,,3,,
c.110A>G,,,,,,,,,,,,
c.1117G>A,,,,,,,,,,,,
c.1118T>C,,,,,,,1,,,,,
c.1133dup,,,,,,,,,5,,,
c.1133dupT,,,,,,,5,,5,,,
c.1138-8A>G,,,,,,,,,,2,,
c.1138G>A,,,,,,,,,,,,
c.1145-10G,,,,,,2,,,,,,
c.1145G>A,,,,,,,,,3,,,
c.1147C>T,,,,5,,,,,,,,
c.114C>G,,,,,,,,,,,,
c.1151T>A,,,,,,2,,,,,,
c.116+1G>A,,,,,,,,,,5,,
c.116+5G>C,,,,,,,,,5,,,
c.1160_1161dup,,,,,,,5,,,,,
c.1160_1161dupAT,,,,,,,,,5,,,
c.1161+12G>A,,,,,,,,,1,,,
c.1165C>T,,,,5,,,,,5,5,,
c.1168C>T,,,,,,,,,,1,,
c.1176T>C,,,,,,,,,,3,,
c.1177A>T,,,,,,,,,5,,,
c.1178T>C,,,,,,,,,,3,,
c.1183G>A,,,,,,,,,5,,,
c.1184C>T,,,,3,,,,,,,,
c.1186C>G,,,,,,2,3,,,3,,
c.1187-27C>T,,,,,,,,,,2,,
c.1187-2A>G,,,,,,,,,,,,
c.1187G>A,,,,,,,5,,5,5,,
c.1189C>T,,,,5,,,,,,,,
c.1192C>T,,,,,,,,,,,,
c.119T>A,,,,,,,,,,5,,
c.1204C>T,,,,,,,,,,,,
c.1212+6T>G,,,,,,,,,,3,,
c.1213C>T,,,,,,,,,5,,,
c.1214C>T,,,,,,,5,,,,,
c.1216C>T,,,,5,,,,,5,5,,
c.1217G>A,,,,,,2,1,,,1,,
c.1226_1227del,,,,,,,,,,,,
c.1227_1228dup,,,,,,,,,,,,
c.122A>G,,,,,,,5,,,,,
c.1237A>G,,,,,,,,,,,,
c.123C>G,,,,,,,3,,,,,
c.123_131del,,,,,,,,,,4,,
c.1249_1252del,,,,,,,,,,,,
c.1252del,,,,,,,,,,,,
c.1268G>A,,,,,,,,,,,,
c.1270C>T,,,,,,,,,,3,,
c.1270G>A,,,,,,,,,,,,
c.1276+51del,,,,,,,,,,3,,
c.1276T>C,,,,,,,,,,,,
c.1277-2A>G,,,,,,,,,,,,
c.1288_1291del,,,,,,,,,,,,
c.128A>G,,,,,,,,,,,,
c.1297C>T,,,,,,,5,,,,,
c.1312+3A>G,,,,,,,,,,,,
c.1312+5G>A,,,,,,,,,,,,
c.1321G>A,,,,,,,,,,,,
c.1328del,,,,,,,,,5,5,,
c.1337G>A,,,,,,,,,,,,
c.1340_1341insGG,,,,,,,,,,5,,
c.1346T>C,,,,5,,,,,,5,,
c.1352_1353del,,,,,,,,,,5,,
c.1352del,,,,,,,,,5,,,
c.136_142del,,,,,,,,,,,,
c.1370C>A,,,,,,,5,,,,,
c.1370C>G,,,,,,,,,5,,,
c.1374_1386del,,,,,,,,,,,,
c.1379T>C,,,,3,,,3,,,,,
c.137G>T,,,,,,,3,,5,5,,
c.1382T>C,,,,,,,,,,,,
c.1387-14_1387-11del,,,,,,,,,,3,,
c.1387-2A>T,,,,,,,,,,,,
c.1387-8G>T,,,,,,,1,,3,2,,
c.1387-9T>A,,,,,,,,,,,,
c.138C>G,,,,,,,3,,3,,,
c.1407del,,,,,,,,,,5,,
c.1408+731C>T,,,,,,,,,,,,
c.1409+1G>C,,,,,,,,,,,,
c.1409+47T,,,,,,,,,,,,
c.1409-1G>C,,,,,,,,,,,,
c.1410-54C>T,,,,,,,1,,,,,
c.1411_1414del,,,,,,,,,,,,
c.1417G>A,,,,,,,,,,,,
c.1418C>G,,,,,,,,,,,,
c.1420G>C,,,,,,,,,,,,
c.1423C>T,,,,,,,,,,5,,
c.142G>T,,,,,,,,,,,,
c.142del,,,,,,,,,,,,
c.1433T>G,,,,,,,,,,,,
c.1433_1434insCTTTGGCTA,,,,,,,,,,,,
c.1435G>A,,,,,,,3,,,,,
c.1437C>G,,,,,,,,,,3,,
c.1444C>T,,,,,,,,,,,,
c.1447A>G,,,,,,,,,,,,
c.1449G>GT,,,,,,,,,,3,,
c.1451del,,,,,,,,,,,,
c.1452A>G,,,,,,,3,,,,,
c.1457_1458dupCT,,,,,,,,,5,,,
c.1457_1460del,,,,,,,5,,5,5,,
c.1459C>T,,,,5,,,,,,,,
c.1462_1463del,,,,,,,,,,5,,
c.1465G>A,,,,,,,,,3,,,
c.1474-9A>G,,,,,,,,,,2,,
c.1474A>G,,,,,,,,,,3,,
c.1489del,,,,,,,,,,,,
c.1489dup,,,,,,,,,,,,
c.149C>G,,,,,,,,,,3,,
c.1500del,,,,,,,,,,,,
c.1501G>A,,,,,,,,,,,,
c.1505dup,,,,,,,,,,,,
c.1505dupA,,,,,,,,,,,,
c.1508C>G,,,,,,,,,3,2,,
c.1510+2T>C,,,,,,,,,,,,
c.1511-1G>A,,,,,,,,,5,,,
c.152-7C>T,,,,,,,,,,3,,
c.1528C>T,,,,5,,,,,,,,
c.1537A>G,,,,,,2,,,,,,
c.1544C>T,,,,,,,,,,2,,
c.1549-19T>G,,,,,,,,,,,,
c.1552G>A,,,,,,2,,,,,,
c.1554dup,,,,,,,,,5,,,
c.1554dupT,,,,5,,,,,5,,,
c.1558+14G>A,,,,,,,1,,,2,,
c.1560A>G,,,,,,,,,,2,,
c.1560G>A,,,,,,2,,,,,,
c.1567T>A,,,,,,,,,,,,
c.1569C>G,,,,,,,,,,2,,
c.1569dupT,,,,,,,5,,5,,,
c.156del,,,,,,,,,,,,
c.1571G>C,,,,4,,,,,,,,
c.1572C>G,,,,5,,,,,,,,
c.1573A>G,,,,,,,,,,,,
c.1578del,,,,,,,,,,,,
c.1595G>A,,,,,,,3,,3,4,,
c.1601G>A,,,,,,,3,,,,,
c.1607G>A,,,,,,,,,,,,
c.1609A>T,,,,,,,5,,5,5,,
c.1612dupT,,,,,,,,,,5,,
c.1614dup,,,,,,,,,,,,
c.1621A>C,,,,,,,,,,4,,
c.1621C>T,,,,,,,,,,,,
c.1630del,,,,,,,,,,,,
c.1631T>C,,,,,,,3,,,2,,
c.1636A>T,,,,,,,5,,,,,
c.164-108G>C,,,,,,,,,,1,,
c.1649_1650del,,,,,,,,,5,,,
c.164del,,,,,,,,,,,,
c.1653C>A,,,,,,,,,,,,
c.1653dup,,,,,,,,,,,,
c.1653dupC,,,,,,,,,,,,
c.1660C>T,,,,,,,,,,,,
c.1661+12G>A,,,,,,,,,1,,,
c.1661+73A>G,,,,,,,,,,2,,
c.1662-18T>C,,,,,,2,,,,,,
c.1662-1G>A,,,,,,,5,,,,,
c.1662-9G>A,,,,,,2,,,1,,,
c.1662C>T,,,,,,,,,,3,,
c.1666T>C,,,,,,,,,,1,,
c.1667+4A>G,,,,,,,,,,,,
c.1667G>A,,,,,,,,,5,5,,
c.1667T>G,,,,,,,,,,,,
c.1668-1G>A,,,,5,,,5,,5,,,
c.1668-6T>A,,,,,,,,,,,,
c.1676T>G,,,,,,,,,5,,,
c.1676dup,,,,,,,,,5,,,
c.1680T>C,,,,,,,3,,,2,,
c.1688G>T,,,,,,,,,,2,,
c.1690C>T,,,,,,,,,,,,
c.1700_1704del,,,,,,,5,,5,5,,
c.1701_1705delinsC,,,,,,,,,,,,
c.1702_1704del,,,,,,,,,5,,,
c.1723G>T,,,,,,,,,,4,,
c.1730C>T,,,,,,,,,3,,,
c.1730G>A,,,,,,,,,,,,
c.1730T>C,,,,,,,3,,3,,,
c.1731+1G>A,,,,,,,,,5,,,
c.1731G>A,,,,,,,,,,5,,
c.1732del,,,,,,,,,,,,
c.1737A>G,,,,,,,,,,2,,
c.1739C>T,,,,,,,3,,,,,
c.1740del,,,,,,,,,,,,
c.1751C>G,,,,3,,,,,,,,
c.1758del,,,,5,,,,,,5,,
c.1759+1G>A,,,,,,,,,,,,
c.1760-1G>A,,,,5,,,,,5,5,,
c.1760-3C>G,,,,,,,,,,,,
c.1760-62G>A,,,,,,,,,,2,,
c.1768_1773delinsTT,,,,,,,,,,,,
c.1782dupA,,,,,,,,,,,,
c.1783_1784del,,,,,,,,,,5,,
c.1786_1788del,,,,,,,,,5,,,
c.1787A>G,,,,,,,,,,,,
c.1789A>T,,,,,,,,,,1,,
c.1793T>G,,,,,,,,,,2,,
c.1801C>T,,,,,,,5,,5,5,,
c.1804_1805del,,,,5,,,,,,,,
c.1808A>T,,,,,,,,,,,,
c.180C>G,,,,,,,,,,2,,
c.1811C>A,,,,,,,,,,,,
c.1819G>A,,,,,,,,,,3,,
c.1822A>G,,,,,,,3,,,,,
c.1828_1832del,,,,,,,,,,,,
c.1828_1834delinsGA,,,,5,,,,,,,,
c.182del,,,,,,,,,,,,
c.1831dup,,,,,,,,,,,,
c.1831dupA,,,,,,,,,,,,
c.1838dupA,,,,,,,5,,,,,
c.1840A>T,,,,,,,5,,5,,,
c.1849A>T,,,,,,,,,,5,,
c.1852_1853AA>GC,,,,,,,,,2,,,
c.1852_1853delinsGC,,,,,,2,,,3,1,,
c.1852_1854del,,,,5,,,5,,5,5,,
c.1855G>C,,,,,,,,,,,,
c.1859_1860insAT,,,,,,,,,,,,
c.1861C>T,,,,,,,,,5,5,,
c.1861dupA,,,,,,,,,,,,
c.1865dupA,,,,,,,,,,5,,
c.1866C>T,,,,,,,,,,3,,
c.186_187dupGG,,,,,,,,,,5,,
c.1870_1871dup,,,,,,,,,,,,
c.1871del,,,,,,,,,,,,
c.1873C>T,,,,,,,,,5,,,
c.1876T>C,,,,,,,3,,,3,,
c.187_189del,,,,,,,,,,,,
c.1882C>T,,,,,,,,,,5,,
c.1895T>G,,,,,,,,,,,,
c.1896+1G>A,,,,,,,,,,,,
c.1896+1G>T,,,,,,,,,,,,
c.18C>T,,,,,,,,,,3,,
c.1906G>C,,,,,,,,,,5,,
c.1911_1912del,,,,,,,,,,,,
c.1915C>T,,,,,,,,,,,,
c.1916del,,,,,,,,,5,,,
c.1920del,,,,,,,,,5,,,
c.1927C>T,,,,,,,,,,5,,
c.1937A>G,,,,,,,,,,,,
c.1937A>G,,,,,,,,,,3,,
c.1942del,,,,5,,,,,,,,
c.1943C>T,,,,,,,,,,,,
c.1946del,,,,,,,,,5,,,
c.1946dup,,,,,,,,,,,,
c.194G>A,,,,,,,,,5,5,,
c.1957A>C,,,,,,,,,5,,,
c.1958+3A>G,,,,,,,,,,,,
c.1959G>A,,,,,,,,,,,,
c.1959G>T,,,,,,,,,1,,,
c.1963A>G,,,,,,2,,,1,,,
c.1964T>C,,,,,,,,,3,,,
c.1964_1979del,,,,,,,,,,,,
c.1968C>A,,,,,,,5,,,,,
c.1968C>G,,,,,,,,,5,,,
c.1974G>A,,,,,,,,,,,,
c.1974_1975del,,,,,,,,,,,,
c.1975C>T,,,,5,,,,,,,,
c.1976G>A,,,,,,,,,,,,
c.1979A>G,,,,,,,,,,,,
c.197C>G,,,,,,,,,,,,
c.197_207+20del,,,,,,,,,,5,,
c.1981G>A,,,,,,,,,,,,
c.1984C>T,,,,,,,,,,,,
c.1986_1987del,,,,,,,,,,,,
c.1989+1G>A,,,,5,,,5,,5,5,,
c.1989G>T,,,,,,,,,,5,,
c.198C>T,,,,,,,1,,,,,
c.198C>T,,,,,,,,,,2,,
c.1990-1G>C,,,,,,,5,,5,,,
c.1992dupG,,,,5,,,,,,,,
c.1994_1995del,,,,,,,,,,5,,
c.1996T>C,,,,,,,,,,,,
c.1998G>A,,,,,,,,,,,,
c.1999C>T,,,,,,,,,5,,,
c.199G>A,,,,5,,,5,,5,,,
c.1A>C,,,,,,,5,,4,,,
c.1A>G,,,,,,,,,,4,,
c.2005+1G>A,,,,,,,,,,5,,
c.2005+1G>A,,,,,,,,,,5,,
c.2006+6G,,,,,,2,,,,,,
c.2006G>T,,,,,,,5,,5,,,
c.2007-7C,,,,,,2,,,,,,
c.200G>A,,,,,,,,,,5,,
c.2011del,,,,,,,,,,,,
c.2027C>G,,,,,,,,,,,,
c.203-3C>G,,,,,,,,,5,,,
c.2038C>T,,,,,,,,,,5,,
c.2041G>A,,,,5,,,,,5,,,
c.2041G>C,,,,,,,,,5,,,
c.2047G>A,,,,,,,,,,,,
c.2050_2051del,,,,,,,,,5,,,
c.2051A>G,,,,,,,,,,5,,
c.2057G>A,,,,,,,,,,4,,
c.2059C>T,,,,,,,,,,3,,
c.2061T>A,,,,,,,,,5,,,
c.2062_2063del,,,,,,,,,,,,
c.2066A>G,,,,,,,,,,,,
c.207+1G>A,,,,,,,,,,5,,
c.207+1del,,,,,,,,,,,,
c.207+5G>A,,,,,,,,,,,,
c.2070C>G,,,,5,,,,,,,,
c.2079dupA,,,,,,,,,5,,,
c.208-11G>T,,,,,,,3,,,,,
c.208-3C>G,,,,,,,5,,5,,,
c.2087C>A,,,,,,,,,,3,,
c.2089T>C,,,,,,,,,,,,
c.2089del,,,,,,,,,5,,,
c.2090G>A,,,,,,,,,5,4,,
c.20_26del,,,,,,,,,,,,
c.2103+1G>C,,,,,,,,,,5,,
c.2104-10T>A,,,,,,,,,,,,
c.2104-1G>C,,,,,,,,,,,,
c.2105C>A,,,,,,,,,5,,,
c.211+1G>A,,,,,,,,,,5,,
c.211+34C>G,,,,,,,,,,3,,
c.2116del,,,,5,,,,,,,,
c.2117T>C,,,,,,,,,,,,
c.212-1G>A,,,,,,,,,5,,,
c.212-478T>G,,,,,,,,,,,,
c.2120G>A,,,,,,,,,,,,
c.2123del,,,,,,,,,,,,
c.2129_2130insT,,,,,,,,,,,,
c.212A>T,,,,4,,,,,,,,
c.2131C>T,,,,,,,,,,5,,
c.2135G>A,,,,,,,,,,5,,
c.2135G>Ap,,,,,,,,,,5,,
c.2141C>G,,,,,,,,,,,,
c.2142dupT,,,,5,,,,,,,,
c.2146G>A,,,,,,,1,,3,2,,
c.2150_2153del,,,,,,,,,,5,,
c.2155G>A,,,,,,,,,,,,
c.2162_2163del,,,,,,,,,,5,,
c.2163_2164del,,,,,,,,,,5,,
c.2174+1G>A,,,,,,,5,,,,,
c.2175-1del,,,,,,,,,,5,,
c.2179G>C,,,,3,,,,,,,,
c.2181_2182del,,,,,,,,,,,,
c.2192_2196del,,,,,,,,,,5,,
c.2194C>T,,,,,,,,,5,5,,
c.220+3A>G,,,,,,,,,,,,
c.2205C>T,,,,,,,,,,2,,
c.221-2A>G,,,,,,,5,,5,,,
c.2210C>G,,,,,,2,,,,,,
c.2211-2A>T,,,,,,,,,,5,,
c.2211-6C>A,,,,,,,,,,2,,
c.2215G>C,,,,,,,,,,3,,
c.2218_2235del,,,,,,,,,,,,
c.2228C>A,,,,,,,,,,,,
c.2228C>G,,,,,,,,,,,,
c.2230dupG,,,,,,,,,5,,,
c.2239A>C,,,,,,,,,,3,,
c.223_224del,,,,,,,,,,,,
c.2242G,,,,,,,,,,,,
c.2245G>A,,,,4,,,,,,,,
c.2246G>T,,,,,,,,,3,,,
c.2246T>C,,,,,,,,,,5,,
c.2249G>A,,,,,,,,,,3,,
c.2250C>A,,,,,,,,,,4,,
c.2250C>G,,,,,,,,,5,,,
c.2252_2253del,,,,,,,,,5,,,
c.2259del,,,,,,,,,,,,
c.2262T>G,,,,,,,,,,2,,
c.2262del,,,,,,,,,,,,
c.2267del,,,,,,,,,,,,
c.226C>T,,,,5,,,,,,,,
c.2271+30_2271+32del,,,,,,,,,,3,,
c.2272G>A,,,,,,,,,,,,
c.2285T>A,,,,5,,,,,,,,
c.2288C>T,,,,,,,,,,,,
c.2291dup,,,,,,,,,5,,,
c.2291dupT,,,,,,,,,5,,,
c.23+10G>C,,,,,,,,,,2,,
c.23+269G>A,,,,,,,,,,2,,
c.23+72C>T,,,,,,,,,,2,,
c.2300C>T,,,,,,,,,5,,,
c.2309G>A,,,,,,,,,,,,
c.230G>A,,,,,,,5,,,,,
c.2314C>T,,,,,,,,,,4,,
c.2317A>G,,,,,,,,,,,,
c.2324A>G,,,,,,,,,,2,,
c.2332del,,,,,,,,,,5,,
c.2342C>T,,,,,,,,,,,,
c.2347G>A,,,,,,,,,,3,,
c.2348_2349del,,,,,,,,,5,,,
c.2349C>T,,,,,,,,,,3,,
c.2350G>A,,,,,,,,,,,,
c.2354A>C,,,,,,,3,,,,,
c.2356C>A,,,,,,,,,,2,,
c.2360T>G,,,,3,,,,,,,,
c.2377C>G,,,,,,,,,3,,,
c.23801C>G,,,,,,,,,,,,
c.2388del,,,,,,,,,,5,,
c.2389_2390del,,,,5,,,,,,,,
c.238T>G,,,,,,,,,5,,,
c.2393T>C,,,,,,,,,5,,,
c.2394del,,,,,,,5,,,,,
c.24-12_107delinsAAAT,,,,,,,,,,,,
c.2400A>G,,,,,,,1,,,,,
c.2404C>T,,,,,,,,,,5,,
c.240del,,,,,,,,,,,,
c.2433dup,,,,,,,5,,,,,
c.2443C>T,,,,,,,,,,,,
c.2444C>A,,,,,,,,,,,,
c.2445+1G>T,,,,,,,,,,,,
c.2445+29C>T,,,,,,,,,,3,,
c.2445+30A>G,,,,,,,,,,1,,
c.2445G>A,,,,,,,,,,,,
c.2446C>T,,,,5,,,,,,,,
c.244A>G,,,,,,,,,,,,
c.2459-1G>C,,,,,,,,,,,,
c.245C>T,,,,5,,,,,,,,
c.2466T>C,,,,,,,,,,1,,
c.2466_2467del,,,,,,,,,,,,
c.2480T>G,,,,,,,,,,3,,
c.2481dupT,,,,,,,,,5,,,
c.2493dupA,,,,,,,5,,,,,
c.2500G>A,,,,,,2,,,,,,
c.2501_2507del,,,,,,,,,5,,,
c.2502_2508del,,,,,,,,,,,,
c.251-20T>G,,,,,,,,,,3,,
c.2523dup,,,,,,,,,,,,
c.2523dupA,,,,,,,,,,,,
c.2529_2530del,,,,5,,,,,5,,,
c.2534_2538del,,,,,,,,,,,,
c.2535dup,,,,,,,,,,,,
c.2535dupT,,,,,,,,,5,5,,
c.2547_2550del,,,,,,,,,5,,,
c.2550C>G,,,,,,,,,,,,
c.2561A>T,,,,,,,,,,3,,
c.2562del,,,,,,,,,,,,
c.2576_2584del,,,,,,,,,,,,
c.2582A>T,,,,,,,,,,,,
c.2590_2594del,,,,,,,5,,5,,,
c.2600A>C,,,,,,2,,,,,,
c.2633T>C,,,,,,,,,,2,,
c.2633_2634del,,,,,,,,,,5,,
c.2633_34del,,,,,,,,,,,,
c.2634+1G>T,,,,,,,,,,,,
c.2635-11A>G,,,,,,,,,,,,
c.2641delinsAAAA,,,,,,,3,,,,,
c.2647del,,,,,,,,,,,,
c.264C>A,,,,,,,,,,1,,
c.2653C>T,,,,,,,,,,5,,
c.2656C>T,,,,,,,,,,,,
c.2665C>T,,,,,,,,,,,,
c.2665dupC,,,,,,,,,,,,
c.266C>A,,,,,,,,,,,,
c.266C>T,,,,,,,,,,,,
c.2677_2678del,,,,,,,,,,,,
c.2708A>G,,,,,,,,,2,,,
c.2724_2730del,,,,,,,,,,5,,
c.2731C>T,,,,,,,,,,5,,
c.2768G>C,,,,,,,,,,,,
c.2795C>G,,,,,,,,,,,,
c.2801C>A,,,,,,,,,,,,
c.2804dup,,,,,,,,,,,,
c.2804dupA,,,,,,,,,,,,
c.2805C>A,,,,,,,5,,,,,
c.2818G>T,,,,,,,,,,,,
c.283G>T,,,,,,,,,3,,,
c.283dupT,,,,,,,,,,,,
c.286C>T,,,,,,,,,3,,,
c.288T>A,,,,,,,,,5,,,
c.289G>A,,,,,,,,,,,,
c.291T>G,,,,5,,,,,,,,
c.2927G>A,,,,,,,,,3,,,
c.2942C>G,,,,,,,,,,,,
c.294T>G,,,,,,,,,,,,
c.295C>T,,,,,,,3,,4,,,
c.2962C>T,,,,,,,3,,,,,
c.2969T>A,,,,,,,,,,,,
c.2983G>T,,,,,,,,,,,,
c.298C>T,,,,5,,,,,,5,,
c.2T>G,,,,,,,,,,,,
c.3016dup,,,,,,,,,,,,
c.301G>A,,,,,,,,,,,,
c.3024C>T,,,,,,,1,,,,,
c.3026A>T,,,,,,,,,,3,,
c.3028del,,,,,,,,,,5,,
c.302G>A,,,,,,,,,,4,,
c.302del,,,,,,,,,,,,
c.3037_3041del,,,,,,,,,,,,
c.303T>G,,,,,,,,,,3,,
c.3058A>G,,,,,,,,,,3,,
c.306+1G>A,,,,,,,,,,5,,
c.306+2T>G,,,,,,,,,,2,,
c.306+4A>G,,,,,,,,,3,,,
c.3062C>G,,,,,,,,,3,,,
c.306G>T,,,,4,,,,,,5,,
c.307-19A>G,,,,,,,,,,2,,
c.307-29C>A,,,,,,,,,,1,,
c.3093del,,,,,,,,,5,,,
c.3095C>G,,,,,,,,,,,,
c.3096del,,,,,,,,,5,,,
c.3103C>T,,,,,,,,,,5,,
c.3108_3109del,,,,5,,,,,,,,
c.3119_3120del,,,,,,,,,,5,,
c.3119_3133delinsAT,,,,,,,,,5,,,
c.3133C>T,,,,,,,,,5,,,
c.3142C>T,,,,,,,,,,,,
c.3151G>A,,,,,,,3,,,,,
c.3157T>G,,,,,,,,,,,,
c.3163G>C,,,,4,,,,,3,,,
c.3170+20T>C,,,,,,,,,,1,,
c.3171_3172+2del,,,,,,,,,,,,
c.3172+18C>T,,,,,,,,,,,,
c.3172+1G>T,,,,,,,,,4,,,
c.3172+20T>C,,,,,,,,,,3,,
c.317G>A,,,,,,,,,3,,,
c.317G>A,,,,,,,,,,2,,
c.3183_3187del,,,,,,,5,,5,,,
c.3188T>G,,,,,,,,,,,,
c.3197A>G,,,,,,,,,,,,
c.319C>T,,,,,,,,,,3,,
c.3202C>T,,,,,,,,,,5,,
c.3217C>T,,,,,,2,,,1,,,
c.3225T>A,,,,,,,,,5,,,
c.3226C>T,,,,,,,3,,,,,
c.3227G>A,,,,3,,,,,,,,
c.3233T>C,,,,3,,,,,,,,
c.3238_3239del,,,,,,,,,,,,
c.3245C>T,,,,,,,,,,,,
c.3246G>T,,,,,,,,,3,2,,
c.3247_3250del,,,,,,,,,,,,
c.3249T>C,,,,,,,3,,,,,
c.3249T>G,,,,,,,,,3,,,
c.3259C>G,,,,,,,,,,,,
c.3259C>T,,,,3,,,,,,,,
c.3260_3261del,,,,,,,,,5,,,
c.3261del,,,,5,,,,,,5,,
c.3261dup,,,,,,,,,,,,
c.3261dupC,,,,5,,,,,5,5,,
c.3264_3266del,,,,,,,,,,,,
c.3268_3274del,,,,5,,,,,,,,
c.3278del,,,,5,,,,,,,,
c.3286C>T,,,,,,,,,,,,
c.33+3A>C,,,,,,,,,,,,
c.3300G>A,,,,,,,1,,,,,
c.3306T>A,,,,,,,,,,1,,
c.3307_3308insCA,,,,,,,,,,,,
c.3314G>A,,,,,,,,,,,,
c.3329C>G,,,,,,,,,5,,,
c.3384T>G,,,,,,,,,,,,
c.3386T>C,,,,,,2,,,3,1,,
c.3399T>C,,,,,,,,,,,,
c.339G>GA,,,,,,,,,,1,,
c.340dupA,,,,,,,,,,,,
c.3416dupG,,,,,,,,,,,,
c.3439-16C>T,,,,,,,,,,1,,
c.3439-1G>T,,,,,,,5,,5,5,,
c.3451del,,,,,,,,,,5,,
c.3452C>G,,,,,,,,,,,,
c.3464_3468del,,,,,,,,,5,,,
c.346dupA,,,,,,,,,,,,
c.3477C>A,,,,5,,,,,,,,
c.3479C>A,,,,,,,,,,,,
c.348+11G>A,,,,,,,,,,2,,
c.3497G>T,,,,,,,,,,,,
c.350C>A,,,,,,,,,,,,
c.350C>T,,,,,,,5,,5,5,,
c.3510_3513delinsGA,,,,,,,,,,,,
c.3511_3512del,,,,,,,,,,5,,
c.3513_3514del,,,,,,,5,,5,,,
c.3514dup,,,,,,,,,,,,
c.3514dupA,,,,5,,,,,5,5,,
c.3516_3517del,,,,,,,,,5,,,
c.351G>A,,,,5,,,,,,,,
c.3528_3532del,,,,,,,,,,,,
c.3549_3551del,,,,,,,,,,,,
c.354G>A,,,,,,,,,,2,,
c.3554C>G,,,,5,,,,,,,,
c.3555_3556+1del,,,,,,,,,,5,,
c.3556+1G>A,,,,,,,5,,5,,,
c.3556+1G>T,,,,,,,,,,5,,
c.3556+24A>G,,,,,,,,,,3,,
c.3556G>C,,,,,,,,,,,,
c.3557-3A>T,,,,,,,,,,2,,
c.356dup,,,,,,,,,,,,
c.356dupT,,,,,,,,,,,,
c.3577_3578del,,,,,,,,,,,,
c.3577_3580dupGAAT,,,,,,,,,,5,,
c.3582_3585dupAAGT,,,,,,,,,,,,
c.3596G>A,,,,,,,,,,,,
c.36+20C>G,,,,,,2,,,,,,
c.3622dupT,,,,5,,,,,,,,
c.3632T>C,,,,5,,,,,,,,
c.363C>T,,,,,,,,,,3,,
c.3649A>G,,,,3,,,,,,,,
c.366+1G>T,,,,5,,,,,,,,
c.367-19A>T,,,,,,,,,,,,
c.3674C>T,,,,,,,,,,,,
c.3694_3696del,,,,,,,,,,,,
c.3716_3717del,,,,,,,5,,5,,,
c.3716_3718del,,,,,,,,,5,,,
c.3717_3721dupAAAAT,,,,,,,,,,5,,
c.3725_3737del,,,,,,,,,,5,,
c.3727A>T,,,,,,,,,,,,
c.3732_3735dupATTT,,,,,,,,,,,,
c.3740C>G,,,,,,,3,,,,,
c.3753_3756dupATTA,,,,5,,,,,,,,
c.3758dupT,,,,5,,,,,,,,
c.375A>G,,,,,,,,,,2,,
c.3768A>T,,,,,,,,,,3,,
c.380+1G>C,,,,,,,,,,,,
c.3802-40C>G,,,,,,,,,1,,,
c.3802-7_3802-4del,,,,,,,,,,,,
c.380A>G,,,,,,,,,,,,
c.381-1G>C,,,,5,,,,,,,,
c.3847_3850dup,,,,,,,,,5,,,
c.3847_3850dupATTA,,,,,,,,,5,,,
c.3851del,,,,,,,5,,,,,
c.385_386delinsGTT,,,,,,,,,,,,
c.385_388del,,,,,,,,,,,,
c.3867C>T,,,,,,,,,,3,,
c.388C>T,,,,,,,,,,,,
c.3909A>G,,,,,,,,,3,,,
c.3927_3931del,,,,,,,5,,5,,,
c.3934_3937dupGTTA,,,,,,,,,,,,
c.3939_3957del,,,,,,,,,4,,,
c.3949G>C,,,,,,,1,,3,2,,
c.3959_3962del,,,,5,,,,,,,,
c.3961A>G,,,,,,,,,,,,
c.3964_3965del,,,,,,,,,,,,
c.3969_3982dupTGAGAAGATGAATC,,,,,,,,,,,,
c.3974dupA,,,,,,,,,,5,,
c.3978_3994del,,,,5,,,,,,,,
c.397G>T,,,,,,,,,,,,
c.3984_3987dupGTCA,,,,,,,,,,5,,
c.3991C>T,,,,,,,,,,,,
c.399C>T,,,,,,,,,,,,
c.3G>A,,,,,,,,,,,,
c.4001+26A>G,,,,,,,,,,3,,
c.4001+4_4001+8dup,,,,,,,1,,,,,
c.4001G>A,,,,5,,,,,,,,
c.4002-12_4002-10del,,,,,,,,,,1,,
c.4012C>T,,,,,,,,,,,,
c.4028C>G,,,,,,,,,,,,
c.4057A>G,,,,,,,,,,,,
c.408dupA,,,,,,,,,,,,
c.4099C>T,,,,,,,,,5,,,
c.4203dupT,,,,,,,,,5,,,
c.423G>T,,,,,,,,,5,,,
c.431G>T,,,,,,2,3,,,1,,
c.433C>T,,,,,,,,,,,,
c.4344C>T,,,,,,,,,3,,,
c.4348C>T,,,,,,,,,,,,
c.435+25A>G,,,,,,,,,1,,,
c.4364dup,,,,,,,,,,,,
c.4391_4394del,,,,,,,,,5,,,
c.4393_4394del,,,,,,,,,5,,,
c.440G>A,,,,4,,,,,,,,
c.440G>T,,,,3,,,,,,,,
c.446G>T,,,,,,,,,,,,
c.449A>G,,,,,,,3,,3,,,
c.450A>G,,,,,,,,,,2,,
c.453+25A>G,,,,,,,1,,1,2,,
c.453-25A>G,,,,,,,,,,1,,
c.4533C>T,,,,,,,1,,,,,
c.454-2A>C,,,,4,,,,,,,,
c.457+13A>G,,,,,,,,,,3,,
c.457+13G>A,,,,,,,,,,1,,
c.457+1G>T,,,,,,,,,,,,
c.457G>T,,,,5,,,,,,,,
c.4616C>G,,,,,,,,,,,,
c.461G>A,,,,,,,,,,,,
c.463A>T,,,,5,,,,,,,,
c.471C>A,,,,,,,,,,2,,
c.4736_4737insGAGA,,,,,,,,,,,,
c.474C>T,,,,,,,,,1,1,,
c.477C>G,,,,,,,,,,,,
c.484G>A,,,,,,,,,,5,,
c.485del,,,,,,,5,,5,,,
c.4861C>G,,,,,,,,,,,,
c.487C>T,,,,,,,,,,,,
c.488T>G,,,,,,,,,,,,
c.4918C>T,,,,,,,3,,,,,
c.4G>A,,,,,,,3,,3,,,
c.508C>T,,,,,,,,,,,,
c.509_512del,,,,,,,,,,,,
c.513A>G,,,,,,,,,,3,,
c.5140G>A,,,,,,,3,,,,,
c.516dup,,,,,,,,,,,,
c.516dupT,,,,,,,,,,,,
c.524_525del,,,,,,,,,,,,
c.5263G>T,,,,,,,,,,,,
c.5265G>A,,,,,,,1,,3,,,
c.527T>C,,,,,,,,,,,,
c.528_529del,,,,,,,,,,5,,
c.52A>G,,,,,,,,,1,1,,
c.52C>T,,,,3,,,,,,3,,
c.532-1G>A,,,,,,,,,,,,
c.534C>A,,,,,,,,,,3,,
c.536A>G,,,,,,,5,,5,5,,
c.537+5A>G,,,,,,,,,,,,
c.539T>G,,,,,,,,,,,,
c.543del,,,,,,,,,,,,
c.545+43C>G,,,,,,,,,,3,,
c.545G>A,,,,,,,,,5,,,
c.546-2A>G,,,,,,,,,,,,
c.548G>A,,,,,,,,,4,,,
c.554G>A,,,,,,,,,,,,
c.554T>G,,,,,,,,,,5,,
c.554T>TG,,,,,,,,,,5,,
c.556C>T,,,,,,,,,,,,
c.55A>T,,,,,,,,,,,,
c.560_561delinsGTT,,,,,,,,,,,,
c.5619C>T,,,,,,,,,,2,,
c.562G>C,,,,,,,3,,,,,
c.565_568del,,,,,,,5,,,,,
c.571_573del,,,,,,,,,,,,
c.573C>T,,,,,,,,,,1,,
c.575T>C,,,,,,,,,,,,
c.577C>T,,,,,,,,,,,,
c.5794A>T,,,,,,,3,,3,,,
c.5795del,,,,,,,5,,5,,,
c.5826_5829del,,,,,,,,,5,,,
c.588+11G>C,,,,,,,,,,,,
c.588+1G>A,,,,,,,,,5,,,
c.588del,,,,,,,,,,,,
c.588dup,,,,,,,,,5,,,
c.588dupA,,,,5,,,,,,,,
c.589-15C>T,,,,,,,,,,2,,
c.589-2A>G,,,,,,,,,,5,,
c.592G>T,,,,,,,,,,5,,
c.599T>A,,,,5,,,3,,,,,
c.59G>A,,,,,,,,,,1,,
c.6004+5G>T,,,,,,,,,,,,
c.6088del,,,,,,,,,,,,
c.608C>G,,,,,,,,,,,,
c.610G>A,,,,,,,,,3,,,
c.6117G>T,,,,,,,3,,,,,
c.6140del,,,,,,,,,,,,
c.61del,,,,,,,,,,,,
c.628_629del,,,,,,,,,,,,
c.6363_6365dup,,,,,,,,,,,,
c.642C>CG,,,,,,,,,,5,,
c.642C>G,,,,5,,,,,5,,,
c.642C>T,,,,,,,,,1,,,
c.643C>T,,,,,,,,,,,,
c.643G>A,,,,,,,,,,,,
c.646-20G>A,,,,,,2,,,,,,
c.6473C>G,,,,,,,,,2,,,
c.652_653del,,,,,,,,,,,,
c.65G>C,,,,,,,,,3,3,,
c.663A>C,,,,,,2,,,,3,,
c.673dupA,,,,,,,,,5,,,
c.676C>T,,,,,,,,,,,,
c.677+3A>G,,,,,,,,,,,,
c.677G>A,,,,5,,,,,,5,,
c.677G>T,,,,,,,,,,,,
c.678-3_678-2del,,,,,,,,,,,,
c.679G>A,,,,,,,,,,,,
c.67G>A,,,,,,,,,,3,,
c.67G>T,,,,,,,,,,,,
c.67del,,,,5,,,,,,,,
c.67dup,,,,,,,,,,,,
c.682C>A,,,,,,,3,,,3,,
c.6873A>T,,,,,,,3,,,2,,
c.687dupA,,,,,,,,,,,,
c.6907G>A,,,,,,,,,,,,
c.692G>A,,,,,,,,,,,,
c.694C>T,,,,,,,5,,5,,,
c.694C>T,,,,,,,,,,,,
c.697C>T,,,,,,,,,,,,
c.6985A>G,,,,,,,,,,2,,
c.700G>A,,,,,,,,,3,,,
c.702G>A,,,,,,,3,,,3,,
c.705+13G>A,,,,,,2,,,,,,
c.706C>T,,,,,,,,,5,,,
c.712T>G,,,,,,,,,,3,,
c.718C>T,,,,5,,,,,5,5,,
c.7201C>T,,,,,,,,,,1,,
c.728A>T,,,,,,,,,,,,
c.736_741del,,,,,,,,,,5,,
c.736_741delins,,,,,,,5,,,,,
c.736_741delinsTGTGTGTGAAG,,,,,,,,,,,,
c.7389A>C,,,,,,,,,,,,
c.742dup,,,,,,,,,,,,
c.742dupC,,,,,,,,,,5,,
c.7468G>A,,,,,,,3,,,,,
c.7490C>T,,,,,,,,,,,,
c.749T>C,,,,,,,3,,,,,
c.7511G>A,,,,,,,,,,,,
c.7513C>T,,,,,,,,,5,,,
c.7514G>A,,,,,,2,,,,,,
c.754C>T,,,,,,,,,,,,
c.7570A>G,,,,,,,,,3,,,
c.7671_7678del,,,,,,,,,,,,
c.76C>T,,,,5,,,,,,,,
c.7797A>C,,,,,,,,,,,,
c.7798_7801del,,,,,,,,,,3,,
c.779T>G,,,,,,,,,,,,
c.784G>T,,,,,,,,,5,,,
c.7862C>G,,,,,,2,3,,,1,,
c.789-1G>C,,,,,,,,,,,,
c.790+10A>G,,,,,,2,1,,,1,,
c.790+1G>A,,,,,,,,,,,,
c.791-1G>A,,,,,,,,,,5,,
c.791-2A>C,,,,,,,,,,,,
c.791-4_795del,,,,,,,,,,,,
c.792+1G>A,,,,,,,,,5,,,
c.792+1G>C,,,,,,,,,,5,,
c.792+32A>G,,,,,,,,,,,,
c.792+5A>G,,,,,,,,,,,,
c.792G>C,,,,,,,,,,,,
c.793C>T,,,,,,,,,,,,
c.794del,,,,,,,,,,,,
c.802del,,,,,,,,,,,,
c.802dup,,,,,,,,,,,,
c.803+2T>G,,,,,,,,,,5,,
c.803C>G,,,,5,,,,,,,,
c.806C>G,,,,,,,,,,,,
c.808A>G,,,,,,,,,,2,,
c.809C>G,,,,,,,,,,,,
c.815C>T,,,,,,,3,,,,,
c.819A>G,,,,,,,,,,,,
c.833A>G,,,,,,,,,,3,,
c.835C>G,,,,,,,3,,,,,
c.835_837del,,,,,,,,,,,,
c.8438C>G,,,,,,,,,,,,
c.847C>T,,,,,,,,,,,,
c.852del,,,,,,,,,,,,
c.860G>C,,,,,,,,,,,,
c.860_868del9,,,,,,,,,,,,
c.860_869del9,,,,,,,,,,,,
c.861_864del,,,,,,,,,,,,
c.863-110G>T,,,,,,,,,,3,,
c.863-224C>T,,,,,,,,,,2,,
c.869A>G,,,,,,,,,,,,
c.86G>C,,,,,,,,,3,,,
c.873_876del,,,,,,,5,,,,,
c.882C>T,,,,,,,,,,,,
c.884+16A>G,,,,,,2,,,,3,,
c.885-1G>C,,,,,,,,,,,,
c.885-24T>A,,,,,,,,,,2,,
c.885-81G>C,,,,,,,,,,3,,
c.892C>T,,,,,,,,,,,,
c.892C>T,,,,,,,,,5,,,
c.899G>A,,,,,,,,,,,,
c.89C>CT,,,,,,,,,,3,,
c.903+2T>C,,,,,,,,,,5,,
c.918T>A,,,,5,,,,,,5,,
c.920+6C>T,,,,,,,,,,2,,
c.924_925del,,,,,,,,,,,,
c.926del,,,,,,,,,,,,
c.927_3931del,,,,,,,,,,,,
c.928C>G,,,,,,,,,,3,,
c.928C>T,,,,,,,,,,3,,
c.931A>G,,,,4,,,,,,3,,
c.933+1G>A,,,,,,,,,5,,,
c.933+3A>C,,,,,,,,,5,,,
c.935A>C,,,,3,,,3,,3,,,
c.941_957del,,,,,,,,,,,,
c.942+17_942+29del,,,,,,,,,,,,
c.942+1G>A,,,,,,,,,5,,,
c.942+3A>T,,,,5,,,,,5,5,,
c.943-161C>T,,,,,,,,,,2,,
c.943C>T,,,,,,,,,,,,
c.944G>T,,,,,,,,,1,,,
c.954T>A,,,,,,,,,,,,
c.955G>A,,,,,,,3,,3,,,
c.956C>T,,,,,,,,,,,,
c.961G>A,,,,,,,,,,3,,
c.965G>A,,,,,,2,1,,1,,,
c.968_971dupCTCA,,,,5,,,,,,,,
c.970+79G>A,,,,,,,,,,2,,
c.970G>T,,,,,,,,,,5,,
c.972G>A,,,,,,,,,,3,,
c.973C>T,,,,,,,,,,5,,
c.977T>A,,,,,,,,,,,,
c.977T>C,,,,,,,3,,3,2,,
c.97A>C,,,,,,,,,,,,
c.984C>T,,,,,,,,,,2,,
c.989T>C,,,,,,,,,,,,
c.98G>A,,,,,,,,,,,,
c.98_99insTC,,,,,,,,,,,,
c.994C>T,,,,,,,5,,5,,,
c.998-9C>T,,,,,,,1,,,,,
c.998G>A,,,,,,,,,,,,
